{
  "course_version" : 1,
  "environment" : "unittest",
  "summary" : "",
  "title" : "UMGC CMSC 105 Lessons",
  "programming_language_id" : "Python",
  "language" : "en",
  "course_type" : "Marketplace",
  "solutions_hidden" : true,
  "items" : [
    {
      "id" : 2059061899,
      "title" : "Unit 1",
      "items" : [
        {
          "id" : 1223591721,
          "title" : "Introduction",
          "task_list" : [
            {
              "id" : 743086915,
              "name" : "Welcome",
              "files" : {
                "main.py" : {
                  "name" : "main.py",
                  "placeholders" : [ ],
                  "is_visible" : true,
                  "is_binary" : false
                },
                "__init__.py" : {
                  "name" : "__init__.py",
                  "placeholders" : [ ],
                  "is_visible" : false,
                  "is_binary" : false
                }
              },
              "description_text" : "## CSMC 105 - Introduction to Problem Sovling and Algorithm Design\n\nWelcome to CMSC 105!\n\n#### What will you learn in this course?\n\nAfter completing this course, you should be able to:\n\n- describe and make use of basic programming concepts, such as variables, control structures, data structures, and functions.\n- read Python code.\n- write programs in Python.\n- test and debug Python programs.\n\n#### Why Learn Python?\nPython is one of the most popular programming languages in the world.\n\n.....\n\n\n#### Prerequisites\n\nYou don't need any previous experience in Python or programming  \nto complete this course.\n\n",
              "description_format" : "MD",
              "task_type" : "theory"
            },
            {
              "id" : 670430446,
              "name" : "Navigating Around",
              "files" : {
                "main.py" : {
                  "name" : "main.py",
                  "placeholders" : [ ],
                  "is_visible" : true,
                  "is_binary" : false
                },
                "__init__.py" : {
                  "name" : "__init__.py",
                  "placeholders" : [ ],
                  "is_visible" : false,
                  "is_binary" : false
                },
                "edu_course_overview.png" : {
                  "name" : "edu_course_overview.png",
                  "placeholders" : [ ],
                  "is_visible" : true,
                  "is_binary" : true
                },
                "edu_course_overview_dark.png" : {
                  "name" : "edu_course_overview_dark.png",
                  "placeholders" : [ ],
                  "is_visible" : true,
                  "is_binary" : true
                }
              },
              "description_text" : "### Working with courses\nThis course is structured as a list of lessons.\nEach lesson contains several tasks.\n\nWhen you open a course, you will see the main tool \nwindows used for navigation: \n<b>Course View</b>, <b>Editor</b>, and <b>Task Description</b>:\n\nTODO: REDO IMAGE, ALT.\n\n<style>\nimg {\n  display: block;\n  margin-left: auto;\n  margin-right: auto;\n}\n</style>\n<img src=\"edu_course_overview_dark.png\" class=\"center\" width=800>\n\nClick the \"Next\" button to navigate to the next task.",
              "description_format" : "MD",
              "task_type" : "theory"
            },
            {
              "id" : 1236148134,
              "name" : "Course View",
              "files" : {
                "main.py" : {
                  "name" : "main.py",
                  "placeholders" : [ ],
                  "is_visible" : true,
                  "is_binary" : false
                },
                "__init__.py" : {
                  "name" : "__init__.py",
                  "placeholders" : [ ],
                  "is_visible" : false,
                  "is_binary" : false
                },
                "edu_course_view_dark.png" : {
                  "name" : "edu_course_view_dark.png",
                  "placeholders" : [ ],
                  "is_visible" : true,
                  "is_binary" : true
                }
              },
              "description_text" : "## Course View\n\n<b>Course View</b> shows you the course syllabus: a list of lessons with tasks.\n\n<style>\nimg {\n  display: block;\n  margin-left: auto;\n  margin-right: auto;\n}\n</style>\n\nTODO: REDO IMAGE, alt\n\n<img src=\"edu_course_view_dark.png\" class=\"center\" width=400>\n\nYou can navigate to a task by double-clicking its name.\n\nTODO: Images of Project Tool Window button\n\n- To hide the Course View window, click the Project Tool Window button or press <span style=\"color: #509DD6\">&shortcut:ActivateProjectToolWindow;</span>. This will give you more space for the Editor and Task Description windows.\n- To show the hidden Course View window, click the Project Tool Window button (or press <span style=\"color: #509DD6\">&shortcut:ActivateProjectToolWindow;</span>) again.",
              "description_format" : "MD",
              "task_type" : "theory"
            },
            {
              "id" : 2034936218,
              "name" : "Editor",
              "files" : {
                "main.py" : {
                  "name" : "main.py",
                  "placeholders" : [ ],
                  "is_visible" : true,
                  "is_binary" : false
                },
                "__init__.py" : {
                  "name" : "__init__.py",
                  "placeholders" : [ ],
                  "is_visible" : false,
                  "is_binary" : false
                },
                "edu_editor_dark.png" : {
                  "name" : "edu_editor_dark.png",
                  "placeholders" : [ ],
                  "is_visible" : true,
                  "is_binary" : true
                },
                "edu_context_menu_run_dark.png" : {
                  "name" : "edu_context_menu_run_dark.png",
                  "placeholders" : [ ],
                  "is_visible" : true,
                  "is_binary" : true
                }
              },
              "description_text" : "## Editor\n\nThe <b>Editor</b> is your playground where you will be programming. You can experiment here while you work on theoretical tasks and quizzes without being checked.\n\nFor programming assignments, the Editor is where you’ll fix the existing code or write your own code from scratch. This code will be checked.\n\n<style>\nimg {\n  display: block;\n  margin-left: auto;\n  margin-right: auto;\n}\n</style>\n<img src=\"edu_editor_dark.png\" class=\"center\" width=600>\n\n\nTo run your code at any time,  \nright-click anywhere in the **Editor** view so you can see the context menu,\nthen choose the Run option from the context menu.  You can also\nrun a program by pressing <span style=\"color: #509DD6\">&shortcut:Run;</span>:\n\nTODO: REDO Image, alt\n\n<style>\nimg {\n  display: block;\n  margin-left: auto;\n  margin-right: auto;\n}\n</style>\n<img src=\"edu_context_menu_run_dark.png\" class=\"center\" width=600>\n\n\n",
              "description_format" : "MD",
              "task_type" : "theory"
            },
            {
              "id" : 1528418497,
              "name" : "Task Description",
              "files" : {
                "main.py" : {
                  "name" : "main.py",
                  "placeholders" : [ ],
                  "is_visible" : true,
                  "is_binary" : false
                },
                "__init__.py" : {
                  "name" : "__init__.py",
                  "placeholders" : [ ],
                  "is_visible" : false,
                  "is_binary" : false
                }
              },
              "description_text" : "## Task Description\n\nThe **Task Description** window gives you all the information you need to complete a task:\n\nFor theoretical tasks, the description provides learning and reading materials.\nFor quizzes, it offers multiple choice questions.\nFor programming assignments, it states the problem to be solved.\n\nUse Task Description icons for the following actions:\n\nTODO: REDO Images, alt\n\n| Icon                               | Description                   |\n|------------------------------------|-------------------------------|\n|**Check**                           | <font size=\"-1\">Check the correctness of your answer (for a quiz) or your code solution (for a programming task)</font>|   \n| **Run**                            | <font size=\"-1\">Run your code (for a theoretical task)</font>|\n|![](images/back.svg)                | <font size=\"-1\">Go to the previous task</font>       |    \n|![](images/forward.svg) &nbsp;<font size=\"-1\">or</font> **Next** | <font size=\"-1\">Go to the next task</font>| \n|![](images/reset.svg)               | <font size=\"-1\">Discard all the changes you’ve made in the task, and start over</font>| \n|![](images/commentTask.svg)         | <font size=\"-1\">View the task page on Stepik and leave a comment</font>| \n|<a>Peek Solution...</a>             | <font size=\"-1\">Reveal the correct answer and show the <b>diff</b></font>|\n\nWe recommend keeping the Task Description window visible and not hiding it completely. If it is too distracting, you can hide it by clicking the ![](images/hideToolWindow.svg) button in the top right-hand corner of the Task Description window.\n\nIf you use two monitors, it may be helpful to switch the Task Description panel to the floating mode and move it to the second monitor, or just place it near the main IDE window. To do this, click the tool window settings ![](images/gear.svg) / ![](images/moreVertical.svg) icon :\n\n\n<img src=\"images/edu_task_description_window_settings.png\" class=\"center\" width=600>\n\n<style>\nimg {\n  display: inline !important;\n}\ntable, th, td {\n  border: 1px solid black;\n  border-collapse: collapse;\n}\nth, td {\n  padding: 5px;\n}\ntable td:nth-child(1) {\n    text-align: center;\n}\n</style>\n",
              "description_format" : "MD",
              "task_type" : "theory"
            }
          ],
          "type" : "lesson"
        },
        {
          "id" : 1950413504,
          "title" : "Basic Input and Output",
          "task_list" : [
            {
              "id" : 1405296072,
              "name" : "Hello World",
              "files" : {
                "hello.py" : {
                  "name" : "hello.py",
                  "placeholders" : [ ],
                  "is_visible" : true,
                  "is_binary" : false
                },
                "__init__.py" : {
                  "name" : "__init__.py",
                  "placeholders" : [ ],
                  "is_visible" : false,
                  "is_binary" : false
                },
                "run_dark.png" : {
                  "name" : "run_dark.png",
                  "placeholders" : [ ],
                  "is_visible" : true,
                  "is_binary" : true
                }
              },
              "description_text" : "## Our first program\n\nLet's look at some Python code to print a simple message.\n\nThe file hello.py contains a print statement that produces `\"Hello World!\"` as  output.\n\nTo run the code, right-click anywhere in the **Editor** view so you can see the context menu and select **Run 'hello'**.\nAlternatively, you can use the &shortcut:RunClass; shortcut. \n\nYou should see a new output window with the text \"Helo World!\" displayed in the PyCharm IDE.\n\n<style>\nimg {\n  display: block;\n  margin-left: auto;\n  margin-right: auto;\n}\n</style>\n<img src=\"run_dark.png\" class=\"center\" width=600>\n\nFor more information on how to run a program, check out [PyCharm Help](https://www.jetbrains.com/help/pycharm/running-and-rerunning-applications.html).",
              "description_format" : "MD",
              "task_type" : "theory"
            },
            {
              "id" : 521046389,
              "name" : "Printing Multiple Lines",
              "files" : {
                "python_facts.py" : {
                  "name" : "python_facts.py",
                  "placeholders" : [ ],
                  "is_visible" : true,
                  "is_binary" : false
                },
                "__init__.py" : {
                  "name" : "__init__.py",
                  "placeholders" : [ ],
                  "is_visible" : false,
                  "is_binary" : false
                },
                "tests/output.txt" : {
                  "name" : "tests/output.txt",
                  "placeholders" : [ ],
                  "is_visible" : false,
                  "is_binary" : false
                },
                "tests/input.txt" : {
                  "name" : "tests/input.txt",
                  "placeholders" : [ ],
                  "is_visible" : false,
                  "is_binary" : false
                }
              },
              "description_text" : "This task provides some initial code that you need to adapt.\nWhen you run the code in python_facts.py, the two print statments are\nexpected to produce the following two lines of output:\n\n<p style=\"border: solid; padding:0.5em\">\nPython is a popular programming language.<br>\nPython is free to use and open source.\n</p>\n\nClick the <code>Check</code> button to run the program.\nThe check fails because the actual output\ndoes not match the expected output.\n\n\n### YOUR TASK\n\n- Update the code to produce the expected output.\n- Press the `Check` button to confirm your solution is correct.\n",
              "description_format" : "MD",
              "task_type" : "output"
            },
            {
              "id" : 1781099321,
              "name" : "OldComments",
              "files" : {
                "comments.py" : {
                  "name" : "comments.py",
                  "placeholders" : [ ],
                  "is_visible" : true,
                  "is_binary" : false
                },
                "tests/test_task.py" : {
                  "name" : "tests/test_task.py",
                  "placeholders" : [ ],
                  "is_visible" : false,
                  "is_binary" : false
                },
                "__init__.py" : {
                  "name" : "__init__.py",
                  "placeholders" : [ ],
                  "is_visible" : false,
                  "is_binary" : false
                },
                "tests/__init__.py" : {
                  "name" : "tests/__init__.py",
                  "placeholders" : [ ],
                  "is_visible" : false,
                  "is_binary" : false
                }
              },
              "description_text" : "## Comments\n\nTODO: Redo as I/O task\n\nComments in Python start with the hash character (`#`)\nand they extend to the end of the physical line.\n\n- Comments are used to clarify program logic and make the code understandable.\n- You can also comment out a line of code if you don't want temporarily prevent its execution without  deleting it.\n- Comments should be complete yet succinct sentences.  \n- Don't use comments to explain obvious functionality as this clutters the code.\n\nYou can read more about proper commenting in <a href=\"https://www.python.org/dev/peps/pep-0008/#comments\">PEP 8 – Style Guide for Python Code</a>. \n\n### Task\nThe code in comments.py does not produce the expected output.\nIn the code editor, comment the line with the `print` statement that says it should not be printed. \nSee how the code is not highlighted anymore.\n\n<div class=\"hint\">\n  Add a <code>#</code> and a space before the last <code>print</code> statement to prevent its execution.\n</div>\n",
              "description_format" : "MD",
              "task_type" : "edu"
            }
          ],
          "type" : "lesson"
        },
        {
          "id" : 1514644820,
          "title" : "Variables",
          "task_list" : [
            {
              "id" : 970680117,
              "name" : "task1",
              "files" : {
                "task.py" : {
                  "name" : "task.py",
                  "placeholders" : [ ],
                  "is_visible" : true,
                  "is_binary" : false
                },
                "tests/test_task.py" : {
                  "name" : "tests/test_task.py",
                  "placeholders" : [ ],
                  "is_visible" : false,
                  "is_binary" : false
                },
                "__init__.py" : {
                  "name" : "__init__.py",
                  "placeholders" : [ ],
                  "is_visible" : false,
                  "is_binary" : false
                },
                "tests/__init__.py" : {
                  "name" : "tests/__init__.py",
                  "placeholders" : [ ],
                  "is_visible" : false,
                  "is_binary" : false
                }
              },
              "description_text" : "\nThis is a task description file.\nIts content will be displayed to a learner\nin the **Task Description** window.\n\nIt supports both Markdown and HTML.\nTo toggle the format, you can rename **task.md**\nto **task.html**, or vice versa.\nThe default task description format can be changed\nin **Preferences | Tools | Education**,\nbut this will not affect any existing task description files.\n\nThe following features are available in\n**task.md/task.html** which are specific to the JetBrains Academy plugin:\n\n- Hints can be added anywhere in the task text.\n  Type \"hint\" and press Tab.\n  Hints should be added to an empty line in the task text.\n  In hints you can use both HTML and Markdown.\n<div class=\"hint\">\n\nText of your hint\n\n</div>\n\n- You may need to refer your learners to a particular lesson,\ntask, or file. To achieve this, you can use the in-course links.\nSpecify the path using the `[link_text](course://lesson1/task1/file1)` format.\n\n- You can insert shortcuts in the task description.\nWhile **task.html/task.md** is open, right-click anywhere\non the **Editor** tab and choose the **Insert shortcut** option\nfrom the context menu.\nFor example: &shortcut:FileStructurePopup;.\n\n- Insert the &percnt;`IDE_NAME`&percnt; macro,\nwhich will be replaced by the actual IDE name.\nFor example, **%IDE_NAME%**.\n\n- Insert PSI elements, by using links like\n`[element_description](psi_element://link.to.element)`.\nTo get such a link, right-click the class or method\nand select **Copy Reference**.\nThen press &shortcut:EditorPaste; to insert the link where appropriate.\nFor example, a [link to the \"contains\" method](psi_element://java.lang.String#contains).\n\n- You can add link to file using **full path** like this:\n  `[file_link](file://lesson1/task1/file.txt)`.",
              "description_format" : "MD",
              "task_type" : "edu"
            }
          ],
          "type" : "lesson"
        },
        {
          "id" : 1458312967,
          "title" : "Project",
          "task_list" : [
            {
              "id" : 1985841158,
              "name" : "Task0 - Overview",
              "files" : {
                "main.py" : {
                  "name" : "main.py",
                  "placeholders" : [ ],
                  "is_visible" : true,
                  "is_binary" : false
                },
                "__init__.py" : {
                  "name" : "__init__.py",
                  "placeholders" : [ ],
                  "is_visible" : false,
                  "is_binary" : false
                }
              },
              "description_text" : "Unit 1 Project\n\nLearning Objectives \n\n- Use PyCharm to run Python code\n- Call the print function to produce output\n- Call the input function to read user input\n- Assign a value to a variable\n- Print the value of a variable\n- Perform string concatenation using the `+` operator\n- Use comments to document code\n- Fix common syntax and logic errors\n",
              "description_format" : "MD",
              "task_type" : "theory"
            },
            {
              "id" : 1696693170,
              "name" : "Task1 - Introduce Yourself",
              "files" : {
                "task1.py" : {
                  "name" : "task1.py",
                  "placeholders" : [ ],
                  "is_visible" : true,
                  "is_binary" : false
                },
                "tests/test_task.py" : {
                  "name" : "tests/test_task.py",
                  "placeholders" : [ ],
                  "is_visible" : false,
                  "is_binary" : false
                },
                "__init__.py" : {
                  "name" : "__init__.py",
                  "placeholders" : [ ],
                  "is_visible" : false,
                  "is_binary" : false
                },
                "tests/__init__.py" : {
                  "name" : "tests/__init__.py",
                  "placeholders" : [ ],
                  "is_visible" : false,
                  "is_binary" : false
                }
              },
              "description_text" : "# Task 1 - Introduce Yourself\n\n## Learning Outcomes\n\n- Modify a Python program\n- Run a Python program\n- Use the `print` function to generate output in the terminal\n\n### Instructions\n\n1. Create a program to introduce yourself! Modify the `print` statements to include your name, major, and location. Add at least one more `print` statement to share something interesting about yourself.\n2. Right-click in the **Editor** view and select **Run 'task'** or use the  &shortcut:RunClass; shortcut to execute the code. Make sure the program produces at least 4 lines of output.\n3. Click the `Check` button and verify that the program passes the test, which checks that the output contains at least 4 lines.\n\n",
              "description_format" : "MD",
              "task_type" : "edu"
            },
            {
              "id" : 130519887,
              "name" : "Task2 - Favorite Things",
              "files" : {
                "task2.py" : {
                  "name" : "task2.py",
                  "placeholders" : [ ],
                  "is_visible" : true,
                  "is_binary" : false
                },
                "tests/test_task.py" : {
                  "name" : "tests/test_task.py",
                  "placeholders" : [ ],
                  "is_visible" : false,
                  "is_binary" : false
                },
                "__init__.py" : {
                  "name" : "__init__.py",
                  "placeholders" : [ ],
                  "is_visible" : false,
                  "is_binary" : false
                },
                "tests/__init__.py" : {
                  "name" : "tests/__init__.py",
                  "placeholders" : [ ],
                  "is_visible" : false,
                  "is_binary" : false
                },
                "solution2.py" : {
                  "name" : "solution2.py",
                  "placeholders" : [ ],
                  "is_visible" : true,
                  "is_binary" : false
                }
              },
              "description_text" : "# Task 2 - Favorite Things\n\n## Learning Outcomes\n\n- Assign a value to a variable\n- Print the value of a variable\n- Use string concatenation to produce formatted output\n\n### Instructions\n\nThe code assigns a variable named `favorite_color`, and then uses string concatenation with the `+` operator\nto display the favorite color.\n\n1. Add another assignment statement to create a new variable named `favorite_food`, which holds a string literal representing your personal favorite food.\n2. Add another `print` statement to output the favorite_food variable within a descriptive message using the format:\n   - My favorite food is <favorite food>\n3. Run the code to see the output.\n4. Click the `Check` button to confirm that the program passes the test, which checks for the assignment of the `favorite_food` variable and the `print `statement.\n",
              "description_format" : "MD",
              "task_type" : "edu"
            },
            {
              "id" : 1974606197,
              "name" : "Task3 - Great Major",
              "files" : {
                "task3.py" : {
                  "name" : "task3.py",
                  "placeholders" : [ ],
                  "is_visible" : true,
                  "is_binary" : false
                },
                "tests/test_task.py" : {
                  "name" : "tests/test_task.py",
                  "placeholders" : [ ],
                  "is_visible" : false,
                  "is_binary" : false
                },
                "__init__.py" : {
                  "name" : "__init__.py",
                  "placeholders" : [ ],
                  "is_visible" : false,
                  "is_binary" : false
                },
                "tests/__init__.py" : {
                  "name" : "tests/__init__.py",
                  "placeholders" : [ ],
                  "is_visible" : false,
                  "is_binary" : false
                },
                "solution.py" : {
                  "name" : "solution.py",
                  "placeholders" : [ ],
                  "is_visible" : false,
                  "is_binary" : false
                }
              },
              "description_text" : "# Unit 1  Project - Task 1\n\nConsider the following program requirements:\n\n<i>Write a program to take the user's academic major as input\nand print a message that affirms it as a great major.</i>\n\nAlgorithm:\n- Prompt the user to enter their major.\n- Read in the major as a string and store it in a variable.\n- Output the entered major followed by the phrase \" is a great major!\".\n\nEach row in the table below contains a test case for a specific input.\nInput values are displayed in bold.\n\n| Test | Expected I/O                                                                                    | \n|------|-------------------------------------------------------------------------------------------------|\n| 1    | Enter your major: <b>Computer Science</b><br>Computer Science is a great major!                 | \n| 2    | Enter your major: <b>Cybersecurity Technology</b><br>Cybersecurity Technology is a great major! |       \n| 3    | Enter your major: <b>Web and Digital Design</b><br>Web and Digital Design is a great major!     |       \n\n\nINSTRUCTIONS:\n\n1. Edit the code to implement the specified input/output functionality.\n2. Run the code several times to test with different input values for academic major. Confirm the output correctly includes the major supplied as input.\n3. Once you've confirmed the program I/O is correct, press the Check button to run the tests.\n\n",
              "description_format" : "MD",
              "task_type" : "edu"
            }
          ],
          "type" : "lesson"
        }
      ],
      "type" : "section"
    }
  ],
  "additional_files" : [
    {
      "name" : ".idea/inspectionProfiles/profiles_settings.xml",
      "is_visible" : true,
      "is_binary" : false
    }
  ],
  "version" : 19,
  "edu_plugin_version" : "2024.11-2024.3-558"
}