{
  "course_version" : 1,
  "environment" : "unittest",
  "summary" : "",
  "title" : "UMGC CMSC 105 Lessons",
  "programming_language_id" : "Python",
  "language" : "en",
  "course_type" : "Marketplace",
  "solutions_hidden" : true,
  "items" : [
    {
      "id" : 2111295058,
      "title" : "Getting Started",
      "items" : [
        {
          "id" : 1223591721,
          "title" : "Overview",
          "task_list" : [
            {
              "id" : 743086915,
              "name" : "Welcome",
              "files" : {
                "main.py" : {
                  "name" : "main.py",
                  "placeholders" : [ ],
                  "is_visible" : true,
                  "is_binary" : false
                },
                "__init__.py" : {
                  "name" : "__init__.py",
                  "placeholders" : [ ],
                  "is_visible" : false,
                  "is_binary" : false
                }
              },
              "description_text" : "## CSMC 105 - Introduction to Problem Sovling and Algorithm Design\n\nWelcome to CMSC 105!\n\n#### What will you learn in this course?\n\nAfter completing this course, you should be able to:\n\n- Apply fundamental programming concepts, including variables, control structures, elementary data structures, and functions.\n- Understand and interpret Python code.\n- Develop Python programs from scratch.\n- Debug and test Python programs effectively.\n\n#### Why Learn Python?\n\nPython is one of the most popular programming languages in the world\nbecause it's relatively easy to learn, highly versatile, \nand widely used in fields like web development, data science, and automation. \nPython has a simple syntax, a huge supportive community, and offers great career opportunities. \nWhether you're a beginner or experienced, Python can help you solve problems \nefficiently and open up doors to many in-demand industries.\n\n\n#### Prerequisites\n\nNo prior experience in Python or programming is required to take this course.\n\n",
              "description_format" : "MD",
              "task_type" : "theory"
            },
            {
              "id" : 670430446,
              "name" : "Navigating Around",
              "files" : {
                "main.py" : {
                  "name" : "main.py",
                  "placeholders" : [ ],
                  "is_visible" : true,
                  "is_binary" : false
                },
                "__init__.py" : {
                  "name" : "__init__.py",
                  "placeholders" : [ ],
                  "is_visible" : false,
                  "is_binary" : false
                },
                "pycharm_views.png" : {
                  "name" : "pycharm_views.png",
                  "placeholders" : [ ],
                  "is_visible" : false,
                  "is_binary" : true
                }
              },
              "description_text" : "### Working with courses\nThis course is structured as a list of lessons.\nEach lesson contains several tasks.\n\nWhen you open a course, you will see the main tool \nwindows used for navigation: \n<b>Course View</b>, <b>Editor</b>, and <b>Task Description</b>:\n\n\n<style>\nimg {\n  display: block;\n  margin-left: auto;\n  margin-right: auto;\n}\n</style>\n<img src=\"pycharm_views.png\" class=\"center\" width=800>\n\nClick the \"Next\" button to navigate to the next task.",
              "description_format" : "MD",
              "task_type" : "theory"
            },
            {
              "id" : 1236148134,
              "name" : "Course View",
              "files" : {
                "main.py" : {
                  "name" : "main.py",
                  "placeholders" : [ ],
                  "is_visible" : true,
                  "is_binary" : false
                },
                "__init__.py" : {
                  "name" : "__init__.py",
                  "placeholders" : [ ],
                  "is_visible" : false,
                  "is_binary" : false
                },
                "course_view.png" : {
                  "name" : "course_view.png",
                  "placeholders" : [ ],
                  "is_visible" : false,
                  "is_binary" : true
                }
              },
              "description_text" : "## Course View\n\n<b>Course View</b> shows you the course syllabus: a list of lessons with tasks.\n\n<style>\nimg {\n  display: block;\n  margin-left: auto;\n  margin-right: auto;\n}\n</style>\n\nTODO: REDO IMAGE, alt\n\n<img src=\"course_view.png\" class=\"center\" width=400>\n\nYou can navigate to a task by double-clicking its name.\n\nTODO: Images of Project Tool Window button\n\n- To hide the Course View window, click the Project Tool Window button or press <span style=\"color: #509DD6\">&shortcut:ActivateProjectToolWindow;</span>. This will give you more space for the Editor and Task Description windows.\n- To show the hidden Course View window, click the Project Tool Window button (or press <span style=\"color: #509DD6\">&shortcut:ActivateProjectToolWindow;</span>) again.",
              "description_format" : "MD",
              "task_type" : "theory"
            },
            {
              "id" : 2034936218,
              "name" : "Code Editor",
              "files" : {
                "main.py" : {
                  "name" : "main.py",
                  "placeholders" : [ ],
                  "is_visible" : true,
                  "is_binary" : false
                },
                "__init__.py" : {
                  "name" : "__init__.py",
                  "placeholders" : [ ],
                  "is_visible" : false,
                  "is_binary" : false
                },
                "editor.png" : {
                  "name" : "editor.png",
                  "placeholders" : [ ],
                  "is_visible" : false,
                  "is_binary" : true
                },
                "run.png" : {
                  "name" : "run.png",
                  "placeholders" : [ ],
                  "is_visible" : false,
                  "is_binary" : true
                }
              },
              "description_text" : "## Editor\n\nThe <b>Editor</b> is your playground where you will be programming. You can experiment here while you work on theoretical tasks and quizzes without being checked.\n\nFor programming assignments, the Editor is where you’ll fix the existing code or write your own code from scratch. This code will be checked.\n\n<style>\nimg {\n  display: block;\n  margin-left: auto;\n  margin-right: auto;\n}\n</style>\n<img src=\"editor.png\" class=\"center\" width=600>\n\n\nTo run your code at any time,  \nright-click anywhere in the **Editor** view so you can see the context menu,\nthen choose the Run option from the context menu.  You can also\nrun a program by pressing <span style=\"color: #509DD6\">&shortcut:Run;</span>:\n\n\n<style>\nimg {\n  display: block;\n  margin-left: auto;\n  margin-right: auto;\n}\n</style>\n<img src=\"run.png\" class=\"center\" width=600>\n\n\n",
              "description_format" : "MD",
              "task_type" : "theory"
            },
            {
              "id" : 1528418497,
              "name" : "Task Description",
              "files" : {
                "main.py" : {
                  "name" : "main.py",
                  "placeholders" : [ ],
                  "is_visible" : true,
                  "is_binary" : false
                },
                "__init__.py" : {
                  "name" : "__init__.py",
                  "placeholders" : [ ],
                  "is_visible" : false,
                  "is_binary" : false
                },
                "task_description.png" : {
                  "name" : "task_description.png",
                  "placeholders" : [ ],
                  "is_visible" : true,
                  "is_binary" : true
                }
              },
              "description_text" : "## Task Description\n\nThe **Task Description** window gives you all the\ninformation you need to complete a task.\n\nFor theoretical tasks, the description provides learning and reading materials.\nFor quizzes, it offers multiple choice questions.\nFor programming assignments, it states the problem to be solved.\n\n<img src=\"task_description.png\" class=\"center\" width=600>\n\n<style>\nimg {\n  display: inline !important;\n}\n</style>\n",
              "description_format" : "MD",
              "task_type" : "theory"
            }
          ],
          "type" : "lesson"
        }
      ],
      "type" : "section"
    },
    {
      "id" : 1644583330,
      "title" : "Unit 1",
      "items" : [
        {
          "id" : 290444689,
          "title" : "Unit 1 Lesson",
          "task_list" : [
            {
              "id" : 1537289729,
              "name" : "Overview",
              "files" : {
                "main.py" : {
                  "name" : "main.py",
                  "placeholders" : [ ],
                  "is_visible" : true,
                  "is_binary" : false
                },
                "__init__.py" : {
                  "name" : "__init__.py",
                  "placeholders" : [ ],
                  "is_visible" : false,
                  "is_binary" : false
                }
              },
              "description_text" : "\nIn this lesson, you'll explore fundamental concepts of Computer Science, \nProgramming, and Programs. You'll also discover the Python\nprogramming language and why it's valuable to learn.\nAdditionally, you'll learn how to run a Python program, \nuse variables to store data, and understand\nthe basics of interacting with users.\n\n",
              "description_format" : "MD",
              "task_type" : "theory"
            },
            {
              "choiceOptions" : [
                {
                  "text" : "Solving problems, often through programming",
                  "status" : "CORRECT"
                },
                {
                  "text" : "The study of computers",
                  "status" : "INCORRECT"
                },
                {
                  "text" : "Web programming",
                  "status" : "INCORRECT"
                }
              ],
              "isMultipleChoice" : false,
              "name" : "What is Computer Science",
              "files" : {
                "main.py" : {
                  "name" : "main.py",
                  "placeholders" : [ ],
                  "is_visible" : true,
                  "is_binary" : false
                },
                "__init__.py" : {
                  "name" : "__init__.py",
                  "placeholders" : [ ],
                  "is_visible" : false,
                  "is_binary" : false
                }
              },
              "description_text" : "Although Computer Science is regarded as a science, it differs from traditional fields like biology or physics. While those disciplines focus on studying the natural world, Computer Science is focused on designing and building systems that process information.\n\nThe primary goal of Computer Science is to use computers to solve problems—this involves developing algorithms, writing code, and building software and systems to address real-world challenges.\n\nWhile Computer Scientists use various tools to solve problems, programming is their primary tool.\n## What is a Program?\n\nA **program** is a collection of instructions written in a programming language that tells a computer what actions to perform. It can execute specific tasks, such as adding numbers, displaying a webpage, or running a game.\n\nIn this course, you will learn how to write programs using the **Python** programming language.\n\n## Check Your Understanding\n\nWhat is Computer Science about?",
              "description_format" : "MD",
              "task_type" : "choice",
              "id" : 501052663
            },
            {
              "id" : 650681523,
              "name" : "Why Python",
              "files" : {
                "main.py" : {
                  "name" : "main.py",
                  "placeholders" : [ ],
                  "is_visible" : true,
                  "is_binary" : false
                },
                "__init__.py" : {
                  "name" : "__init__.py",
                  "placeholders" : [ ],
                  "is_visible" : false,
                  "is_binary" : false
                }
              },
              "description_text" : "There are many reasons to learn Python, but the main ones are:\n\n- **Easy to Learn:** Python has a simple, readable syntax that makes it beginner-friendly and great for those new to programming.\n- **High Demand:** Python is one of the most popular programming languages, leading to numerous career opportunities in tech and other industries.\n- **Versatile:** Python can be used in a wide range of fields, from web development to data science, automation, and machine learning.\n",
              "description_format" : "MD",
              "task_type" : "theory"
            },
            {
              "id" : 939862038,
              "name" : "How to Run A Program",
              "files" : {
                "hello.py" : {
                  "name" : "hello.py",
                  "placeholders" : [ ],
                  "is_visible" : true,
                  "is_binary" : false
                },
                "__init__.py" : {
                  "name" : "__init__.py",
                  "placeholders" : [ ],
                  "is_visible" : false,
                  "is_binary" : false
                }
              },
              "description_text" : "Let's examine a simple Python program, or Python script, that prints a greeting.\n\nThe code editor in the center of the window shows the contents of the `hello.py` file.\n\n- The two lines of code call the `print()` function to display text as output.\n\n### How to Run `hello.py`\n\nThere are several ways to run `hello.py` in PyCharm. Try each of the following:\n\n| **Alternative Methods**                                                                           | **Screen Shot**                                                         |\n|---------------------------------------------------------------------------------------------------|-------------------------------------------------------------------------|\n| Right-click in the **Editor** window, then select **Run 'hello'**                                 | <img src=\"../resources/run.png\" alt=\"run hello.py from context window\"> |\n| From the Menu Bar, select **Run > Run 'hello'**                                                   | <img src=\"../resources/run3.png\" alt=\"run hello.py from menu bar\">      |\n| Click anywhere in the **Editor** window, then type ⌃⇧R (Mac) or Ctrl+Shift+R (Windows/Linux) | <img src=\"../resources/hello.png\" alt=\"run shortcut in editor window\">  |\n\nPyCharm will display the printed output in the **Run Window** at the bottom of the screen.\n\n<img src=\"../resources/output.png\" alt=\"Run window displays the program output\" width=\"400px\">\n\n> **Note:** The terms **\"run a program\"** and **\"execute a program\"** will be used interchangeably throughout the lessons.\n",
              "description_format" : "MD",
              "task_type" : "theory"
            },
            {
              "id" : 1950796317,
              "name" : "Indentation",
              "files" : {
                "main.py" : {
                  "name" : "main.py",
                  "placeholders" : [ ],
                  "is_visible" : true,
                  "is_binary" : false
                },
                "__init__.py" : {
                  "name" : "__init__.py",
                  "placeholders" : [ ],
                  "is_visible" : false,
                  "is_binary" : false
                }
              },
              "description_text" : "In Python, indentation is used to define the structure\nof the code. There is an indentation error in `main.py` that prevents\nthe code from running. \n- Line 1 and 3 are correct in that there are no spaces before the `print()` function call.\n- Line 2 has an indentation error due to the extra spaces at the beginning of the line. The red underlines on line 2 indicates an error.\n\nTry running `main.py`. You should see an error message similar to the following:\n\n<img src=\"../resources/indent_error2.png\" alt=\"Run window displays indentation error on line 2\" width=\"400px\">\n\n\n## Code Challenge\n\nFix the error by removing the extra indentation in line 2, then\nre-run the program and confirm 3 lines of output.\n\n\n<div class=\"hint\">\nprint('Line 1.')<br>\nprint('Line 2.')<br>\nprint('Line 3.')\n</div>\n",
              "description_format" : "MD",
              "task_type" : "theory"
            },
            {
              "id" : 391525804,
              "name" : "Printing Python Facts",
              "files" : {
                "python_facts.py" : {
                  "name" : "python_facts.py",
                  "placeholders" : [ ],
                  "is_visible" : true,
                  "is_binary" : false
                },
                "__init__.py" : {
                  "name" : "__init__.py",
                  "placeholders" : [ ],
                  "is_visible" : false,
                  "is_binary" : false
                },
                "tests/output.txt" : {
                  "name" : "tests/output.txt",
                  "placeholders" : [ ],
                  "is_visible" : false,
                  "is_binary" : false
                },
                "tests/input.txt" : {
                  "name" : "tests/input.txt",
                  "placeholders" : [ ],
                  "is_visible" : false,
                  "is_binary" : false
                }
              },
              "description_text" : "### Code Challenge\n\nThe file `python_facts.py` should print three facts about Python. \nHowever, if you look at the code, it currently only prints two facts.\n\nClick the \"Check\" button to compare the program's actual output to the expected output. \nThe check will fail because only two lines are printed.\n\n<img src=\"../resources/extra_dots.png\" alt=\"extraneous periods at end of expected output\" width=\"400px\">\n\n*NOTE: Ignore the three extra periods `...` at the end of the expected output; they represent a newline character.*\n\n1. Modify `python_facts.py` to include the missing third fact: 'Python is free and open-source.'\n2. Click the \"Check\" button again to verify the code is correct.\n\n\n",
              "description_format" : "MD",
              "task_type" : "output"
            },
            {
              "choiceOptions" : [
                {
                  "text" : "'Not a string?'",
                  "status" : "INCORRECT"
                },
                {
                  "text" : "Not a string?",
                  "status" : "CORRECT"
                },
                {
                  "text" : "\"Not a string?\"",
                  "status" : "INCORRECT"
                }
              ],
              "isMultipleChoice" : false,
              "messageIncorrect" : "A string must be enclosed in single or double quotes.",
              "name" : "String Literals",
              "files" : {
                "print_strings.py" : {
                  "name" : "print_strings.py",
                  "placeholders" : [ ],
                  "is_visible" : true,
                  "is_binary" : false
                },
                "__init__.py" : {
                  "name" : "__init__.py",
                  "placeholders" : [ ],
                  "is_visible" : false,
                  "is_binary" : false
                }
              },
              "description_text" : "A Python **string** is a sequence of characters enclosed in either single or double quotes. A **string literal** refers to the specific text or value of the string written directly in the code, such as `\"Hello\"` or `'World'`. Often, we use the term \"string\" when we are actually referring to a string literal, and in most cases, there's no need to make a distinction.\n\n\n| String  Literal                 | Description                              |\n|---------------------------------|------------------------------------------|\n| 'The table needs to be moved.'  | Single quotes                            |\n| \"Will it fit through the door?\" | Double quotes                            |\n| \"What's the table width?\"       | Double quotes enclose<br> a single quote |\n| 'The table is 40\" wide.'        | Single quotes enclose<br> a double quote |\n\nA string that embeds a single quote must be enclosed in double quotes, and vice versa.\n\n##  Comprehension Check\n\nWhich of the following is **not** a valid Python string literal?",
              "description_format" : "MD",
              "task_type" : "choice",
              "id" : 819241275
            },
            {
              "choiceOptions" : [
                {
                  "text" : "print('Python)",
                  "status" : "INCORRECT"
                },
                {
                  "text" : "print 'Python'",
                  "status" : "INCORRECT"
                },
                {
                  "text" : "print('Python')",
                  "status" : "CORRECT"
                },
                {
                  "text" : "print('Python'",
                  "status" : "INCORRECT"
                }
              ],
              "isMultipleChoice" : false,
              "name" : "Calling a function",
              "files" : {
                "main.py" : {
                  "name" : "main.py",
                  "placeholders" : [ ],
                  "is_visible" : true,
                  "is_binary" : false
                },
                "__init__.py" : {
                  "name" : "__init__.py",
                  "placeholders" : [ ],
                  "is_visible" : false,
                  "is_binary" : false
                }
              },
              "description_text" : "\nThe Python print() function is used to display output.\n\nA function is called by using its name followed by\nparentheses. It can accept one or more comma-separated values,\nknown as arguments, which are passed inside\nthe parentheses. Since Python is case-sensitive,\nthe `print()` function must always be written in\nlowercase letters.\n\n| Function Call   | Description                                                      |\n|-----------------|------------------------------------------------------------------|\n| print('Hello')  | Valid function call.                                             \n| print(7)        | Valid function call.                                             \n| print('Hmmm)    | Invalid function call.<br>The string is missing a closing quote. |\n| print(\"Welcome\" | Invalid function call.<br>The closing parenthesis is missing.    |\n| PRINT(\"Hi\")     | Unknown function PRINT.                                          |\n\n## Comprehension Check\n\nWhich of the following is a valid call to the `print` function?\n",
              "description_format" : "MD",
              "task_type" : "choice",
              "id" : 1350215502
            },
            {
              "id" : 386162133,
              "name" : "Single Line Comments",
              "files" : {
                "comments.py" : {
                  "name" : "comments.py",
                  "placeholders" : [ ],
                  "is_visible" : true,
                  "is_binary" : false
                },
                "__init__.py" : {
                  "name" : "__init__.py",
                  "placeholders" : [ ],
                  "is_visible" : false,
                  "is_binary" : false
                },
                "tests/output.txt" : {
                  "name" : "tests/output.txt",
                  "placeholders" : [ ],
                  "is_visible" : false,
                  "is_binary" : false
                },
                "tests/input.txt" : {
                  "name" : "tests/input.txt",
                  "placeholders" : [ ],
                  "is_visible" : false,
                  "is_binary" : false
                }
              },
              "description_text" : "Comments are included in code to improve readability, explain complex logic, document design decisions, and serve other purposes.\n\nSingle-line comments begin with the hash symbol (#) and are typically followed by a space. Everything after the hash symbol up to the end of the line is ignored by the program during execution.\n\n<img src=\"../resources/comments.png\" alt=\"Single Line Comment With Hash Symbol\" width=\"300px\">\n\nIn `comments.py`, lines 1 and 4 are commented out, so they are skipped when the program executes.\n- Line 1 offers a short description of the code's function.\n- Line 4 is commented out to prevent *banana* from appearing in the output.\n\n### Code Challenge\n\nClick the \"Check\" button. The test fails because the output excludes 'banana' and includes 'strawberry'.\n\n1. Remove the comment character `# ` on line 4 so that *banana* is printed.\n2. Comment out line 6 (don't delete it) to prevent *strawberry* from being printed.\n3. Click the \"Check\" button to confirm the code is correct.",
              "description_format" : "MD",
              "task_type" : "output"
            },
            {
              "id" : 837694557,
              "name" : "Multi-line Comment",
              "files" : {
                "main.py" : {
                  "name" : "main.py",
                  "placeholders" : [ ],
                  "is_visible" : true,
                  "is_binary" : false
                },
                "__init__.py" : {
                  "name" : "__init__.py",
                  "placeholders" : [ ],
                  "is_visible" : false,
                  "is_binary" : false
                }
              },
              "description_text" : "\nMulti-line comments are written with triple \nquotes (''' or \"\"\") and can span across several lines.\n\n```python\n\"\"\"\nThis is a multi-line comment.\nThis comment spans cross three lines.\nTriple double quotes were used, although single quotes work as well.\n\"\"\"\n```\n\nWe often use a multi-line comment at the top of each Python file to\ndocument the code purpose, author, creation date, and version, as shown in `main.py`.",
              "description_format" : "MD",
              "task_type" : "theory"
            },
            {
              "choiceOptions" : [
                {
                  "text" : "A purple paragraph is eating a grape.",
                  "status" : "INCORRECT"
                },
                {
                  "text" : "Why i?s it so",
                  "status" : "CORRECT"
                },
                {
                  "text" : "The car is blue.",
                  "status" : "INCORRECT"
                }
              ],
              "isMultipleChoice" : false,
              "messageIncorrect" : "The first and third sentences are syntactically correct because they adhere to grammar rules.",
              "name" : "Natural and Formal Languages",
              "files" : {
                "main.py" : {
                  "name" : "main.py",
                  "placeholders" : [ ],
                  "is_visible" : true,
                  "is_binary" : false
                },
                "__init__.py" : {
                  "name" : "__init__.py",
                  "placeholders" : [ ],
                  "is_visible" : false,
                  "is_binary" : false
                }
              },
              "description_text" : "**Natural languages** are the languages that humans\nuse to communicate with one another,\nsuch as English, Spanish, and others. These languages were not deliberately created; rather, they evolved naturally over time.\n\n**Formal Languages** are languages created by humans\nfor specific purposes. Programming languages are a\ntype of formal language designed to express computations\nand give instructions to computers. \n\nJust like natural languages, programming languages need\nto follow specific rules to be meaningful.\n\nThese rules fall into two categories:\n\n- **Syntax:** The structure, grammar, spelling, and punctuation of the programming language.\n- **Semantics:** The meaning, logic, and intent of the code.\n\n## Syntax\n\nConsider the following:\n\n```text\nTh?is does .not make sense\n```\n\nIn English, we follow grammar rules to construct proper\nsentences. If a sentence violates these rules, it's\nconsidered incorrect. The same applies in Python—if\nyou misuse symbols, spaces, or keywords, you'll\nencounter a *syntax error*. It is common to make syntax errors as you start learning to program.\n\n## Semantics\n\nConsider the following:\n\n```text\nThe sad shoe ate a car.\n```\n\nAlthough the sentence follows grammar rules and has no\nsyntax errors, it doesn’t make sense! Semantics is\nall about meaning. In Python, you can write code that\nis syntactically correct but still doesn’t accomplish\nanything useful.\n\n## Check Your Understanding\n\nWhich of the following demonstrates a syntax error?\n",
              "description_format" : "MD",
              "task_type" : "choice",
              "id" : 791708204
            },
            {
              "id" : 2003946573,
              "name" : "Fix The Syntax Error",
              "files" : {
                "fixit.py" : {
                  "name" : "fixit.py",
                  "placeholders" : [ ],
                  "is_visible" : true,
                  "is_binary" : false
                },
                "__init__.py" : {
                  "name" : "__init__.py",
                  "placeholders" : [ ],
                  "is_visible" : false,
                  "is_binary" : false
                },
                "tests/output.txt" : {
                  "name" : "tests/output.txt",
                  "placeholders" : [ ],
                  "is_visible" : false,
                  "is_binary" : false
                },
                "tests/input.txt" : {
                  "name" : "tests/input.txt",
                  "placeholders" : [ ],
                  "is_visible" : false,
                  "is_binary" : false
                }
              },
              "description_text" : "The file `fixit.py` has several syntax errors that cause the\nprogram to fail. Try running the program.  You should see a syntax error message for the print statement on line 3:\n\n<img src=\"../resources/error1.png\" alt=\"Syntax errors line 3, 5, 7\" width=\"300px\">\n\n\nLines 3, 5,and 7 each have a syntax error, which are underlined in red.\nThe code editor may initially highlight only the first error on\nline 3.  Once you fix that error, the errors on lines 5 and 7 should appear.\n\n<img src=\"../resources/fixit.png\" alt=\"Syntax errors line 3, 5, 7\" width=\"300px\">\n\nHover the mouse over the red underlined code to see a message that describes the issue.\n\n| Line | Syntax Error Message                                                                 | Fix the Syntax Error                               |\n|------|--------------------------------------------------------------------------------------|----------------------------------------------------|\n| 3    | <img src=\"../resources/error2.png\" alt=\"Line3 missing single quote\" width=\"400px\">   | Add the missing quote before the right parenthesis |\n| 5    | <img src=\"../resources/error3.png\" alt=\"Line 5 missing right paren\" width=\"400px\">   | Add the missing right parenthesis                  |\n| 7    | <img src=\"../resources/error4.png\" alt=\"Line 7 lowercase print function\" width=\"400px\"> | Lowercase the function name                        |                              |\n\n### Code Challenge\n\n1. Fix the syntax errors on lines 3, 5, and 7.\n2. Click the \"Check\" button to confirm the code runs and produces the expected output.",
              "description_format" : "MD",
              "task_type" : "output"
            },
            {
              "choiceOptions" : [
                {
                  "text" : "'13'",
                  "status" : "INCORRECT"
                },
                {
                  "text" : "13.0",
                  "status" : "INCORRECT"
                },
                {
                  "text" : "13",
                  "status" : "CORRECT"
                }
              ],
              "isMultipleChoice" : false,
              "messageIncorrect" : "An int does not include quotes or a decimal point.",
              "name" : "Data Types",
              "files" : {
                "main.py" : {
                  "name" : "main.py",
                  "placeholders" : [ ],
                  "is_visible" : true,
                  "is_binary" : false
                },
                "__init__.py" : {
                  "name" : "__init__.py",
                  "placeholders" : [ ],
                  "is_visible" : false,
                  "is_binary" : false
                }
              },
              "description_text" : "In Python, **data types** specify what kind of data a value  represents and the operations that can be performed on that value.\nPython has many data types, but we'll start with some fundamental ones:\n\n- **int**: Represents whole numbers such as `5`, `-3`.\n- **float**: Represents numbers with decimal points, like `3.14`, `-0.001`.\n- **str**: Represents strings or sequences of characters, for example, `'hello'`, `\"Python\"`.\n\nNote that strings are enclosed in quotes, whereas integers and floating-point numbers are not.\n\n## Comprehension Check\n\nChoose the value that has an **int** data type:",
              "description_format" : "MD",
              "task_type" : "choice",
              "id" : 1395609184
            },
            {
              "choiceOptions" : [
                {
                  "text" : "apples",
                  "status" : "INCORRECT"
                },
                {
                  "text" : "1.25",
                  "status" : "CORRECT"
                },
                {
                  "text" : "3",
                  "status" : "INCORRECT"
                }
              ],
              "isMultipleChoice" : false,
              "name" : "Variables",
              "files" : {
                "variables.py" : {
                  "name" : "variables.py",
                  "placeholders" : [ ],
                  "is_visible" : true,
                  "is_binary" : false
                },
                "__init__.py" : {
                  "name" : "__init__.py",
                  "placeholders" : [ ],
                  "is_visible" : false,
                  "is_binary" : false
                }
              },
              "description_text" : "One of Python's key features is the ability to define\nvariables. A **variable** is essentially a label that refers to a value.\n\nIn Python, assigning a value to a variable is done using the '`=`' symbol, known as the assignment operator. The variable name is on the left side of the `=` operator, and the value is placed on the right side.\n\n<img src=\"../resources/variable_assignment.png\" alt=\"fruit='apples'\" width=\"200px\">\n\nYou can use *fruit* throughout your program, and it will refer to the value *'apples'* until the variable is reassigned to something else.\n\nThe file `variables.py` assigns values to three variables `fruit`, `price_per_lb`, and `pounds`, then prints the variables.\nNote that the variables are **not** enclosed in quotes\nin the print statements. This allows the values to be printed instead of the variable names.\n\n## Comprehension Check\n\nRun the code in `variables.py` to view the output. What value is printed by this line:\n\n```python\nprint(price_per_lb)\n```",
              "description_format" : "MD",
              "task_type" : "choice",
              "id" : 782531034
            },
            {
              "id" : 783631775,
              "name" : "Python Tutor Visualizer",
              "files" : {
                "variables.py" : {
                  "name" : "variables.py",
                  "placeholders" : [ ],
                  "is_visible" : true,
                  "is_binary" : false
                },
                "tests/test_task.py" : {
                  "name" : "tests/test_task.py",
                  "placeholders" : [ ],
                  "is_visible" : false,
                  "is_binary" : false
                },
                "__init__.py" : {
                  "name" : "__init__.py",
                  "placeholders" : [ ],
                  "is_visible" : false,
                  "is_binary" : false
                },
                "tests/__init__.py" : {
                  "name" : "tests/__init__.py",
                  "placeholders" : [ ],
                  "is_visible" : false,
                  "is_binary" : false
                }
              },
              "description_text" : "## Visualizing Variables in Memory\n\nPython Tutor is an online tool that helps you visualize what\nhappens in memory as your program runs.\n\n<img src=\"../resources/pythontutor_next.png\" alt=\"python tutor next button\" width=\"400px\">\n\n1. Click\n<a href=\"https://pythontutor.com/render.html#code=%23%20Assign%20values%20to%20variables%0Afruit%20%3D%20'apples'%0Aprice_per_lb%20%3D%201.25%0Apounds%20%3D%203%0A%0A%23%20Print%20the%20values%20stored%20in%20the%20variables%0Aprint%28fruit%29%0Aprint%28price_per_lb%29%0Aprint%28pounds%29&cumulative=false&curInstr=0&heapPrimitives=nevernest&mode=display&origin=opt-frontend.js&py=311&rawInputLstJSON=%5B%5D&textReferences=false\" alt=\"pythontutor.com code visualization\">visualize variables.py</a> to run the code using the Python Tutor.\n2. Repeatedly click the \"Next\" button to execute one line at a time.  Notice how each variable is assignd a memory location where the value is stored.  The value stored in the variable will be printed.\n\nNOTE: You can use Python Tutor to visualize and debug any Python program, just\ngo  to https://pythontutor.com/visualize.html#mode=edit and  type in your program.",
              "description_format" : "MD",
              "task_type" : "edu"
            },
            {
              "id" : 1503566198,
              "name" : "Assignment Operator",
              "files" : {
                "variables.py" : {
                  "name" : "variables.py",
                  "placeholders" : [ ],
                  "is_visible" : true,
                  "is_binary" : false
                },
                "__init__.py" : {
                  "name" : "__init__.py",
                  "placeholders" : [ ],
                  "is_visible" : false,
                  "is_binary" : false
                }
              },
              "description_text" : "\n\n\nWhile `=` is used for equality in math, it is important to note that in Python the `=` operator is used for assignment, not equality.\n\n```python\n# Assign values to variables\nfruit = 'apples'\nprice_per_lb = 1.25\npounds = 3\n```\n\nWhen you see the assignment statement,\nsay to yourself *“pounds is assigned the value 3”*. Don’t say *“pounds equals 3”*.\n\n- **Correct:** `fruit` is assigned the value 'apples'.\n- **Incorrect:** `fruit` equals 'apples'.",
              "description_format" : "MD",
              "task_type" : "theory"
            },
            {
              "choiceOptions" : [
                {
                  "text" : "1st_class",
                  "status" : "INCORRECT"
                },
                {
                  "text" : "class_1",
                  "status" : "CORRECT"
                },
                {
                  "text" : "first class",
                  "status" : "INCORRECT"
                }
              ],
              "isMultipleChoice" : false,
              "messageIncorrect" : "Must start with a letter or underscore. May only contain letters, digits, and underscores.",
              "name" : "Variable Names",
              "files" : {
                "variables.py" : {
                  "name" : "variables.py",
                  "placeholders" : [ ],
                  "is_visible" : true,
                  "is_binary" : false
                },
                "__init__.py" : {
                  "name" : "__init__.py",
                  "placeholders" : [ ],
                  "is_visible" : false,
                  "is_binary" : false
                }
              },
              "description_text" : "In Python, a valid variable name must adhere to these rules:\n\n- It must begin with a letter or an underscore (`_`).\n- After the first character, it can only contain letters, digits, and underscores.\n- It cannot contain spaces.\n- It cannot be a Python keyword.\n\nVariables starting with an underscore have a special meaning, but for now, we will use letters to start variable names.\n\nPython is case-sensitive, and while uppercase letters are allowed, it's best practice to avoid them to prevent case-related errors.\n\nThe underscore character (`_`) is commonly used in multi-word variable names, such as `price_per_lb`.\n\nWe'll cover Python keywords in more detail in later lessons.\n\n\n### Examples of legal variable names:\n- `fruit`\n- `price_per_lb`\n- `hour2`\n\n### Examples of illegal variable names:\n- `1fruit` (cannot start with a digit)\n- `my variable` (spaces are not allowed)\n- `for` (a reserved keyword)\n\n## Comprehension Check\n\nWhich of the following is a valid Python variable name?\n",
              "description_format" : "MD",
              "task_type" : "choice",
              "id" : 308751870
            },
            {
              "id" : 1110953562,
              "name" : "User Input",
              "files" : {
                "pet_io.py" : {
                  "name" : "pet_io.py",
                  "placeholders" : [ ],
                  "is_visible" : true,
                  "is_binary" : false
                },
                "__init__.py" : {
                  "name" : "__init__.py",
                  "placeholders" : [ ],
                  "is_visible" : false,
                  "is_binary" : false
                }
              },
              "description_text" : "Let's look at a program that asks the user for input and generates output based on their response.\n\nThe `pet_io.py` file asks the user for their pet's type and name,\nthen prints a message that includes the pet data.  \n\nRun the code multiple times with different input values. For example:\n\n| Example #1                                                                   | Example #2                                                                   |\n|------------------------------------------------------------------------------|------------------------------------------------------------------------------|\n| <img src=\"../resources/pet_io.png\" alt=\"Skipper the dog run window output\"> | <img src=\"../resources/pet_io2.png\" alt=\"Hoppy the bunny run window output\"> |\n\nNow, let's review each line of code:\n\n`pet_type = input('Pet type: ')`\n   - The `input()` function shows the prompt 'Pet type: '.\n   - Python waits for the user to type a value and hit Enter.\n   - The input is stored in the `pet_type` variable.\n\n`pet_name = input('Pet name: ')`\n   - Similarly, the prompt 'Pet name: ' appears, and the entered value is saved in the `pet_name` variable.\n\n`print(pet_name , 'the', pet_type)`\n   - Here, three comma-separated values are passed to the `print()` function. Multiple arguments can be passed, and Python automatically adds spaces between the values when displaying the output.",
              "description_format" : "MD",
              "task_type" : "theory"
            },
            {
              "choiceOptions" : [
                {
                  "text" : "color = 'red'<br>print('The car is {color}.')",
                  "status" : "INCORRECT"
                },
                {
                  "text" : "color = 'red'<br>print(f'The car is color.')",
                  "status" : "INCORRECT"
                },
                {
                  "text" : "color = 'red'<br>print(f'The car is {color}.')",
                  "status" : "CORRECT"
                }
              ],
              "isMultipleChoice" : false,
              "messageIncorrect" : "The letter 'f' must come before the string, and the variable should be enclosed in curly braces.",
              "name" : "Formatted Strings",
              "files" : {
                "f_string.py" : {
                  "name" : "f_string.py",
                  "placeholders" : [ ],
                  "is_visible" : true,
                  "is_binary" : false
                },
                "__init__.py" : {
                  "name" : "__init__.py",
                  "placeholders" : [ ],
                  "is_visible" : false,
                  "is_binary" : false
                }
              },
              "description_text" : "F-strings (formatted string literals) offer a simple way to insert variables and expressions directly into string literals. An f-string is created by prefixing a string literal with the letter `f` or `F`, and expressions within curly braces `{}` are evaluated at runtime.\n\nFor example, if you run `f_string.py` you should see the following output:\n\n```\nHello, Jeron. You are 25 years old.\n```\n\nNotice how he values stored in the variables `name` and `age` are inserted into the string.\n\n<img src=\"../resources/f_string.png\" alt=\"f'Hello, {name}. You are {age} years old.'\" width=\"400px\">\n\nYou can also use an f-string directly in the print statement, avoiding the need to create an additional variable:\n\n```python\nname = 'Jeron'\nage = 25\nprint(f'Hello, {name}. You are {age} years old.')\n```\n\n## Comprehension Check\n\nWhich of the following will print *The car is red.*",
              "description_format" : "MD",
              "task_type" : "choice",
              "id" : 235914843
            },
            {
              "id" : 1105293079,
              "name" : "Input-Output Challenge",
              "files" : {
                "io_challenge.py" : {
                  "name" : "io_challenge.py",
                  "placeholders" : [ ],
                  "is_visible" : true,
                  "is_binary" : false
                },
                "tests/test_task.py" : {
                  "name" : "tests/test_task.py",
                  "placeholders" : [ ],
                  "is_visible" : false,
                  "is_binary" : false
                },
                "__init__.py" : {
                  "name" : "__init__.py",
                  "placeholders" : [ ],
                  "is_visible" : false,
                  "is_binary" : false
                },
                "tests/__init__.py" : {
                  "name" : "tests/__init__.py",
                  "placeholders" : [ ],
                  "is_visible" : false,
                  "is_binary" : false
                }
              },
              "description_text" : "The `io_challenge.py` program prompts the user for their name and displays a greeting, as shown in the \"Actual I/O\" column below. Note that I/O stands for Input/Output.\n\n| Expected I/O                                                                                 | Actual I/O                                   |\n|----------------------------------------------------------------------------------------------|----------------------------------------------|\n| What is your name: <b>Abel</b><br>Where do you live: <b>France</b><br>Hi Abel from France!   | What is your name: <b>Abel</b><br>Hi Abel!   |\n| What is your name: <b>Jelay</b><br>Where do you live: <b>Canada</b><br>Hi Jelay from Canada! | What is your name: <b>Jelay</b><br>Hi Jelay! |\n\n## Code Challenge\n\nYour task is to update the program so that it matches the user interaction shown in the \"Expected I/O\" column.\n\n### Steps:\n1. In addition to asking for the name, modify the code to also prompt for the country and store the response in a separate variable.\n2. Update the f-string in the print statement to include both the name and the country.",
              "description_format" : "MD",
              "task_type" : "edu"
            }
          ],
          "type" : "lesson"
        },
        {
          "id" : 1623570046,
          "title" : "Unit 1 Project",
          "task_list" : [
            {
              "id" : 1985841158,
              "name" : "Learning Outcomes",
              "files" : {
                "main.py" : {
                  "name" : "main.py",
                  "placeholders" : [ ],
                  "is_visible" : true,
                  "is_binary" : false
                },
                "__init__.py" : {
                  "name" : "__init__.py",
                  "placeholders" : [ ],
                  "is_visible" : false,
                  "is_binary" : false
                }
              },
              "description_text" : "Unit 1 Project Learning Outcomes \n\n- Run Python code using PyCharm\n- Use the `print` function to display output\n- Assign a value to a variable\n- Output the value of a variable with `print`\n- Format strings for output using f-strings\n- Use the `input` function to capture user input\n- Store the value from user input in a variable\n- Add comments to explain the code\n- Identify and correct common syntax and logic errors",
              "description_format" : "MD",
              "task_type" : "theory"
            },
            {
              "id" : 1696693170,
              "name" : "Task1 - Introduce Yourself",
              "files" : {
                "unit1_task1.py" : {
                  "name" : "unit1_task1.py",
                  "placeholders" : [ ],
                  "is_visible" : true,
                  "is_binary" : false
                },
                "tests/test_task.py" : {
                  "name" : "tests/test_task.py",
                  "placeholders" : [ ],
                  "is_visible" : false,
                  "is_binary" : false
                },
                "__init__.py" : {
                  "name" : "__init__.py",
                  "placeholders" : [ ],
                  "is_visible" : false,
                  "is_binary" : false
                },
                "tests/__init__.py" : {
                  "name" : "tests/__init__.py",
                  "placeholders" : [ ],
                  "is_visible" : false,
                  "is_binary" : false
                }
              },
              "description_text" : "# Task 1 - Introduce Yourself\n\n## Learning Outcomes\n\n- Modify a Python program\n- Run a Python program\n- Use the `print` function to generate output in the terminal\n\n### Instructions\n\n1. Edit the header comment to list yourself as the author.\n2. Update the code to introduce yourself! Edit the  `print` statements in `task1.py` to include your name, major, and location. Add at least one more `print` statement to share something interesting about yourself.\n3. Run the code to confirm at least 4 lines of output are produced.\n4. Click the `Check` button and verify that the program passes the test, which checks that the program produces at least 4 lines of output.\n\n",
              "description_format" : "MD",
              "task_type" : "edu"
            },
            {
              "id" : 130519887,
              "name" : "Task2 - Favorite Things",
              "files" : {
                "unit1_task2.py" : {
                  "name" : "unit1_task2.py",
                  "placeholders" : [ ],
                  "is_visible" : true,
                  "is_binary" : false
                },
                "tests/test_task.py" : {
                  "name" : "tests/test_task.py",
                  "placeholders" : [ ],
                  "is_visible" : false,
                  "is_binary" : false
                },
                "__init__.py" : {
                  "name" : "__init__.py",
                  "placeholders" : [ ],
                  "is_visible" : false,
                  "is_binary" : false
                },
                "tests/__init__.py" : {
                  "name" : "tests/__init__.py",
                  "placeholders" : [ ],
                  "is_visible" : false,
                  "is_binary" : false
                },
                "solution2.py" : {
                  "name" : "solution2.py",
                  "placeholders" : [ ],
                  "is_visible" : false,
                  "is_binary" : false
                }
              },
              "description_text" : "# Task 2 - Favorite Things\n\n## Learning Outcomes\n\n- Assign a value to a variable\n- Print the value of a variable\n- Utilize an f-string to generate formatted output\n\n### Instructions\n\nThe code assigns a variable named `favorite_color`, and then uses string concatenation with the `+` operator\nto display the favorite color.\n\n1. Edit the header comment to list yourself as the author.\n2. Add a statement to create a new variable named `favorite_food` and assign it to your personal favorite food.\n3. Add a `print` statement to output the `favorite_food` variable in a message (replace pizza with your favorite):\n   - My favorite food is pizza.\n4. Run the code to see the output.\n5. Click the `Check` button to test the program. The test checks for (1) the assignment of the `favorite_food` variable and (2) a statement that prints the variable.\n\nFor example, if your favorite color is blue and favorite food is chocolate cake, the program would output:\n\n```text\nMy favorite color is blue.\nMy favorite food is chocolate cake.\n```",
              "description_format" : "MD",
              "task_type" : "edu"
            },
            {
              "id" : 1974606197,
              "name" : "Task3 - Great Major",
              "files" : {
                "unit1_task3.py" : {
                  "name" : "unit1_task3.py",
                  "placeholders" : [ ],
                  "is_visible" : true,
                  "is_binary" : false
                },
                "tests/test_task.py" : {
                  "name" : "tests/test_task.py",
                  "placeholders" : [ ],
                  "is_visible" : false,
                  "is_binary" : false
                },
                "__init__.py" : {
                  "name" : "__init__.py",
                  "placeholders" : [ ],
                  "is_visible" : false,
                  "is_binary" : false
                },
                "tests/__init__.py" : {
                  "name" : "tests/__init__.py",
                  "placeholders" : [ ],
                  "is_visible" : false,
                  "is_binary" : false
                },
                "solution3.py" : {
                  "name" : "solution3.py",
                  "placeholders" : [ ],
                  "is_visible" : false,
                  "is_binary" : false
                }
              },
              "description_text" : "# Task 3 - Great Major\n\n## Learning Outcomes\n\n## Learning Outcomes\n\n- Ask the user for input and save it in a variable\n- Generate formatted output using the input\n\nConsider the following program requirements:\n\n<i>Write a program that asks for an academic major as input, \nthen prints an affirmation that it's a great major.</i>\n\nThe table below shows sample input and expected output. The input values are highlighted in bold.\n\n| Test | Expected I/O                                                                                                                                   | \n|------|------------------------------------------------------------------------------------------------------------------------------------------------|\n| 1    | Enter your major: <b>Computer Science</b><br>Computer Science is a great major!                 | \n| 2    | Enter your major: <b>Cybersecurity Technology</b><br>Cybersecurity Technology is a great major! |       \n| 3    | Enter your major: <b>Web and Digital Design</b><br>Web and Digital Design is a great major!     |       \n\n\nINSTRUCTIONS:\n\n1. Edit the header comment to list yourself as the author.\n2. Edit the code to prompt for the user's major and output a message confirming that it's a great choice.\n3. Run the code several times to test with different values for major.\n4. Once you've confirmed the program I/O is correct, press the Check button to run the tests.\n\n",
              "description_format" : "MD",
              "task_type" : "edu"
            },
            {
              "id" : 449872673,
              "name" : "Task4- Mad Lib",
              "files" : {
                "unit1_task4.py" : {
                  "name" : "unit1_task4.py",
                  "placeholders" : [ ],
                  "is_visible" : true,
                  "is_binary" : false
                },
                "tests/test_task.py" : {
                  "name" : "tests/test_task.py",
                  "placeholders" : [ ],
                  "is_visible" : false,
                  "is_binary" : false
                },
                "__init__.py" : {
                  "name" : "__init__.py",
                  "placeholders" : [ ],
                  "is_visible" : false,
                  "is_binary" : false
                },
                "tests/__init__.py" : {
                  "name" : "tests/__init__.py",
                  "placeholders" : [ ],
                  "is_visible" : false,
                  "is_binary" : false
                },
                "solution4.py" : {
                  "name" : "solution4.py",
                  "placeholders" : [ ],
                  "is_visible" : true,
                  "is_binary" : false
                }
              },
              "description_text" : "# Task 4 - Mad Lib\n\n## Learning Outcomes\n\n- Capture multiple values from user input and assign them to variables\n- Produce formatted output based on the values\n\nConsider the following program requirements:\n\n<i>Write a program to generate a mad lib by reading in an adjective, noun, and verb.\n</i>\n\nThe table contains sample input and output:\n\n| Test | Expected I/O                                                                                                        | \n|------|---------------------------------------------------------------------------------------------------------------------|\n| 1    | Adjective: <b>sleepy</b><br>Noun: <b>apple</b><br>Verb: <b>swim</b><br>The sleepy apple likes to swim everyday.     | \n| 2    | Adjective: <b>fluffy</b><br>Noun: <b>pencil</b><br>Verb: <b>yodel</b><br>The fluffy pencil likes to yodel everyday. | \n\n\nINSTRUCTIONS:\n\n1. Edit the header comment to list yourself as the author.\n2. Edit the code to implement the specified functionality.\n3. Run the code several times to test with different input values. Confirm the correct output is produced.\n4. Once you've confirmed the program I/O is correct, press the Check button to run the tests. Fix any errors identified by the test.\n\n",
              "description_format" : "MD",
              "task_type" : "edu"
            },
            {
              "id" : 1508894940,
              "name" : "Task5 - Knock Knock",
              "files" : {
                "unit1_task5.py" : {
                  "name" : "unit1_task5.py",
                  "placeholders" : [ ],
                  "is_visible" : true,
                  "is_binary" : false
                },
                "tests/test_task.py" : {
                  "name" : "tests/test_task.py",
                  "placeholders" : [ ],
                  "is_visible" : false,
                  "is_binary" : false
                },
                "__init__.py" : {
                  "name" : "__init__.py",
                  "placeholders" : [ ],
                  "is_visible" : false,
                  "is_binary" : false
                },
                "tests/__init__.py" : {
                  "name" : "tests/__init__.py",
                  "placeholders" : [ ],
                  "is_visible" : false,
                  "is_binary" : false
                },
                "solution5.py" : {
                  "name" : "solution5.py",
                  "placeholders" : [ ],
                  "is_visible" : true,
                  "is_binary" : false
                }
              },
              "description_text" : "# Task 5 - Knock-Knock Joke\n\n## Learning Outcomes\n\n- Capture multiple values from user input and assign them to variables\n- Produce multiple lines of formatted output\n\nConsider the following program requirements:\n\n<i>Write a program to generate a knock-knock joke by reading in two input values: (1) who is at the door, and (2) the punchline.\nThe program should output a knock-knock joke using the values read from user input.\n</i>\n\nThe table below provides examples of input and the corresponding expected output (apologies for the cheesiness):\n\n| Test | Expected I/O                                                                                                                                                 | \n|------|--------------------------------------------------------------------------------------------------------------------------------------------------------------|\n| 1    | Who: <b>Siri</b><br>Punchline: <b>Siri-ously, stop telling jokes!</b><br>Knock-knock.<br>Who's there?<br>Siri<br>Siri who?<br>Siri-ously, stop telling jokes! | \n| 2    | Who: <b>Java</b><br>Punchline: <b>Java nice day!</b><br>Knock-knock.<br>Who's there?<br>Java<br>Java who?<br>Java nice day!                                  | \n| 3    | Who: <b>Tank</b><br>Punchline: <b>You're welcome!</b><br>Knock-knock.<br>Who's there?<br>Tank<br>Tank who?<br>You're welcome!                                | \n\n\nINSTRUCTIONS:\n\n1. Edit the header comment to list yourself as the author.\n2. Edit the code to implement the specified input/output functionality.\n3. Run the code several times to test with different input values. Confirm the correct output is produced.\n4. Once you've confirmed the program I/O is correct, press the Check button to run the tests. Fix any errors identified by the test.\n",
              "description_format" : "MD",
              "task_type" : "edu"
            }
          ],
          "type" : "lesson"
        }
      ],
      "type" : "section"
    },
    {
      "id" : 1342157299,
      "title" : "Unit 2",
      "items" : [
        {
          "id" : 591907195,
          "title" : "Unit 2 Lesson",
          "task_list" : [ ],
          "type" : "lesson"
        },
        {
          "id" : 491591064,
          "title" : "Unit 2 Project",
          "task_list" : [
            {
              "id" : 576117530,
              "name" : "Task1 - Hours To Seconds",
              "files" : {
                "unit2_task1_solution.py" : {
                  "name" : "unit2_task1_solution.py",
                  "placeholders" : [ ],
                  "is_visible" : true,
                  "is_binary" : false
                },
                "tests/test_task.py" : {
                  "name" : "tests/test_task.py",
                  "placeholders" : [ ],
                  "is_visible" : false,
                  "is_binary" : false
                },
                "__init__.py" : {
                  "name" : "__init__.py",
                  "placeholders" : [ ],
                  "is_visible" : false,
                  "is_binary" : false
                },
                "tests/__init__.py" : {
                  "name" : "tests/__init__.py",
                  "placeholders" : [ ],
                  "is_visible" : false,
                  "is_binary" : false
                },
                "unit2_task1.py" : {
                  "name" : "unit2_task1.py",
                  "placeholders" : [ ],
                  "is_visible" : true,
                  "is_binary" : false
                }
              },
              "description_text" : "TODO: Add Instructions,  include note about ignoring plural/singular for hour, minute, second.\n",
              "description_format" : "MD",
              "task_type" : "edu"
            },
            {
              "id" : 521363216,
              "name" : "Task2 - Pizza Splitter",
              "files" : {
                "unit2_task2_solution.py" : {
                  "name" : "unit2_task2_solution.py",
                  "placeholders" : [ ],
                  "is_visible" : true,
                  "is_binary" : false
                },
                "tests/test_task.py" : {
                  "name" : "tests/test_task.py",
                  "placeholders" : [ ],
                  "is_visible" : false,
                  "is_binary" : false
                },
                "__init__.py" : {
                  "name" : "__init__.py",
                  "placeholders" : [ ],
                  "is_visible" : false,
                  "is_binary" : false
                },
                "tests/__init__.py" : {
                  "name" : "tests/__init__.py",
                  "placeholders" : [ ],
                  "is_visible" : false,
                  "is_binary" : false
                },
                "unit2_task2.py" : {
                  "name" : "unit2_task2.py",
                  "placeholders" : [ ],
                  "is_visible" : true,
                  "is_binary" : false
                }
              },
              "description_text" : "TODO",
              "description_format" : "MD",
              "task_type" : "edu"
            },
            {
              "id" : 665904454,
              "name" : "Task3 - Tip Calculator",
              "files" : {
                "unit2_task3_solution.py" : {
                  "name" : "unit2_task3_solution.py",
                  "placeholders" : [ ],
                  "is_visible" : true,
                  "is_binary" : false
                },
                "tests/test_task.py" : {
                  "name" : "tests/test_task.py",
                  "placeholders" : [ ],
                  "is_visible" : false,
                  "is_binary" : false
                },
                "__init__.py" : {
                  "name" : "__init__.py",
                  "placeholders" : [ ],
                  "is_visible" : false,
                  "is_binary" : false
                },
                "tests/__init__.py" : {
                  "name" : "tests/__init__.py",
                  "placeholders" : [ ],
                  "is_visible" : false,
                  "is_binary" : false
                },
                "unit2_task3.py" : {
                  "name" : "unit2_task3.py",
                  "placeholders" : [ ],
                  "is_visible" : true,
                  "is_binary" : false
                }
              },
              "description_text" : "TODO",
              "description_format" : "MD",
              "task_type" : "edu"
            },
            {
              "id" : 1473501562,
              "name" : "Task4 - Target Heart Rate",
              "files" : {
                "unit2_task4_solution.py" : {
                  "name" : "unit2_task4_solution.py",
                  "placeholders" : [ ],
                  "is_visible" : true,
                  "is_binary" : false
                },
                "tests/test_task.py" : {
                  "name" : "tests/test_task.py",
                  "placeholders" : [ ],
                  "is_visible" : false,
                  "is_binary" : false
                },
                "__init__.py" : {
                  "name" : "__init__.py",
                  "placeholders" : [ ],
                  "is_visible" : false,
                  "is_binary" : false
                },
                "tests/__init__.py" : {
                  "name" : "tests/__init__.py",
                  "placeholders" : [ ],
                  "is_visible" : false,
                  "is_binary" : false
                },
                "unit2_task4.py" : {
                  "name" : "unit2_task4.py",
                  "placeholders" : [ ],
                  "is_visible" : true,
                  "is_binary" : false
                }
              },
              "description_text" : "TODO:\n",
              "description_format" : "MD",
              "task_type" : "edu"
            }
          ],
          "type" : "lesson"
        }
      ],
      "type" : "section"
    }
  ],
  "additional_files" : [
    {
      "name" : ".idea/inspectionProfiles/profiles_settings.xml",
      "is_visible" : true,
      "is_binary" : false
    },
    {
      "name" : "README.md",
      "is_visible" : true,
      "is_binary" : false
    },
    {
      "name" : "Unit 1/Unit 1 Lesson/resources/run.png",
      "is_visible" : true,
      "is_binary" : true
    },
    {
      "name" : "Unit 1/Unit 1 Lesson/resources/run2.png",
      "is_visible" : true,
      "is_binary" : true
    },
    {
      "name" : "Unit 1/Unit 1 Lesson/resources/run3.png",
      "is_visible" : true,
      "is_binary" : true
    },
    {
      "name" : "Unit 1/Unit 1 Lesson/resources/fixit.png",
      "is_visible" : true,
      "is_binary" : true
    },
    {
      "name" : "Unit 1/Unit 1 Lesson/resources/error1.png",
      "is_visible" : true,
      "is_binary" : true
    },
    {
      "name" : "Unit 1/Unit 1 Lesson/resources/error2.png",
      "is_visible" : true,
      "is_binary" : true
    },
    {
      "name" : "Unit 1/Unit 1 Lesson/resources/error3.png",
      "is_visible" : true,
      "is_binary" : true
    },
    {
      "name" : "Unit 1/Unit 1 Lesson/resources/error4.png",
      "is_visible" : true,
      "is_binary" : true
    },
    {
      "name" : "Unit 1/Unit 1 Lesson/resources/output.png",
      "is_visible" : true,
      "is_binary" : true
    },
    {
      "name" : "Unit 1/Unit 1 Lesson/resources/comments.png",
      "is_visible" : true,
      "is_binary" : true
    },
    {
      "name" : "Unit 1/Unit 1 Lesson/resources/variable_output.png",
      "is_visible" : true,
      "is_binary" : true
    },
    {
      "name" : "Unit 1/Unit 1 Lesson/resources/pythontutor_next.png",
      "is_visible" : true,
      "is_binary" : true
    },
    {
      "name" : "Unit 1/Unit 1 Lesson/resources/variable_assignment.png",
      "is_visible" : true,
      "is_binary" : true
    },
    {
      "name" : "Unit 1/Unit 1 Lesson/resources/hello.png",
      "is_visible" : true,
      "is_binary" : true
    },
    {
      "name" : "Unit 1/Unit 1 Lesson/resources/extra_dots.png",
      "is_visible" : true,
      "is_binary" : true
    },
    {
      "name" : "Unit 1/Unit 1 Lesson/resources/indent_error1.png",
      "is_visible" : true,
      "is_binary" : true
    },
    {
      "name" : "Unit 1/Unit 1 Lesson/resources/indent_error2.png",
      "is_visible" : true,
      "is_binary" : true
    },
    {
      "name" : "Unit 1/Unit 1 Lesson/resources/indent_noerror.png",
      "is_visible" : true,
      "is_binary" : true
    },
    {
      "name" : "Unit 1/Unit 1 Lesson/resources/pet_io.png",
      "is_visible" : true,
      "is_binary" : true
    },
    {
      "name" : "Unit 1/Unit 1 Lesson/resources/pet_io2.png",
      "is_visible" : true,
      "is_binary" : true
    },
    {
      "name" : "Unit 1/Unit 1 Lesson/resources/f_string.png",
      "is_visible" : true,
      "is_binary" : true
    }
  ],
  "version" : 19,
  "edu_plugin_version" : "2025.1-2024.3-998"
}