{
  "course_version" : 1,
  "environment" : "unittest",
  "summary" : "",
  "title" : "UMGC CMSC 105 Lessons",
  "programming_language_id" : "Python",
  "language" : "en",
  "course_type" : "Marketplace",
  "solutions_hidden" : true,
  "items" : [
    {
      "id" : 2111295058,
      "title" : "Getting Started",
      "items" : [
        {
          "id" : 1223591721,
          "title" : "Overview",
          "task_list" : [
            {
              "id" : 743086915,
              "name" : "Welcome",
              "files" : {
                "main.py" : {
                  "name" : "main.py",
                  "placeholders" : [ ],
                  "is_visible" : true,
                  "is_binary" : false
                },
                "__init__.py" : {
                  "name" : "__init__.py",
                  "placeholders" : [ ],
                  "is_visible" : false,
                  "is_binary" : false
                }
              },
              "description_text" : "## CSMC 105 - Introduction to Problem Sovling and Algorithm Design\n\nWelcome to CMSC 105!\n\n#### What will you learn in this course?\n\nAfter completing this course, you should be able to:\n\n- Apply fundamental programming concepts, including variables, control structures, elementary data structures, and functions.\n- Understand and interpret Python code.\n- Develop Python programs from scratch.\n- Debug and test Python programs effectively.\n\n#### Why Learn Python?\n\nPython is one of the most popular programming languages in the world\nbecause it's relatively easy to learn, highly versatile, \nand widely used in fields like web development, data science, and automation. \nPython has a simple syntax, a huge supportive community, and offers great career opportunities. \nWhether you're a beginner or experienced, Python can help you solve problems \nefficiently and open up doors to many in-demand industries.\n\n\n#### Prerequisites\n\nNo prior experience in Python or programming is required to take this course.\n\n",
              "description_format" : "MD",
              "task_type" : "theory"
            },
            {
              "id" : 670430446,
              "name" : "Navigating Around",
              "files" : {
                "main.py" : {
                  "name" : "main.py",
                  "placeholders" : [ ],
                  "is_visible" : true,
                  "is_binary" : false
                },
                "__init__.py" : {
                  "name" : "__init__.py",
                  "placeholders" : [ ],
                  "is_visible" : false,
                  "is_binary" : false
                },
                "pycharm_views.png" : {
                  "name" : "pycharm_views.png",
                  "placeholders" : [ ],
                  "is_visible" : true,
                  "is_binary" : true
                }
              },
              "description_text" : "### Working with courses\nThis course is structured as a list of lessons.\nEach lesson contains several tasks.\n\nWhen you open a course, you will see the main tool \nwindows used for navigation: \n<b>Course View</b>, <b>Editor</b>, and <b>Task Description</b>:\n\n\n<style>\nimg {\n  display: block;\n  margin-left: auto;\n  margin-right: auto;\n}\n</style>\n<img src=\"pycharm_views.png\" class=\"center\" width=800>\n\nClick the \"Next\" button to navigate to the next task.",
              "description_format" : "MD",
              "task_type" : "theory"
            },
            {
              "id" : 1236148134,
              "name" : "Course View",
              "files" : {
                "main.py" : {
                  "name" : "main.py",
                  "placeholders" : [ ],
                  "is_visible" : true,
                  "is_binary" : false
                },
                "__init__.py" : {
                  "name" : "__init__.py",
                  "placeholders" : [ ],
                  "is_visible" : false,
                  "is_binary" : false
                },
                "edu_course_view_dark.png" : {
                  "name" : "edu_course_view_dark.png",
                  "placeholders" : [ ],
                  "is_visible" : true,
                  "is_binary" : true
                }
              },
              "description_text" : "## Course View\n\n<b>Course View</b> shows you the course syllabus: a list of lessons with tasks.\n\n<style>\nimg {\n  display: block;\n  margin-left: auto;\n  margin-right: auto;\n}\n</style>\n\nTODO: REDO IMAGE, alt\n\n<img src=\"edu_course_view.png\" class=\"center\" width=400>\n\nYou can navigate to a task by double-clicking its name.\n\nTODO: Images of Project Tool Window button\n\n- To hide the Course View window, click the Project Tool Window button or press <span style=\"color: #509DD6\">&shortcut:ActivateProjectToolWindow;</span>. This will give you more space for the Editor and Task Description windows.\n- To show the hidden Course View window, click the Project Tool Window button (or press <span style=\"color: #509DD6\">&shortcut:ActivateProjectToolWindow;</span>) again.",
              "description_format" : "MD",
              "task_type" : "theory"
            },
            {
              "id" : 2034936218,
              "name" : "Code Editor",
              "files" : {
                "main.py" : {
                  "name" : "main.py",
                  "placeholders" : [ ],
                  "is_visible" : true,
                  "is_binary" : false
                },
                "__init__.py" : {
                  "name" : "__init__.py",
                  "placeholders" : [ ],
                  "is_visible" : false,
                  "is_binary" : false
                },
                "edu_editor_dark.png" : {
                  "name" : "edu_editor_dark.png",
                  "placeholders" : [ ],
                  "is_visible" : true,
                  "is_binary" : true
                },
                "edu_context_menu_run_dark.png" : {
                  "name" : "edu_context_menu_run_dark.png",
                  "placeholders" : [ ],
                  "is_visible" : true,
                  "is_binary" : true
                }
              },
              "description_text" : "## Editor\n\nThe <b>Editor</b> is your playground where you will be programming. You can experiment here while you work on theoretical tasks and quizzes without being checked.\n\nFor programming assignments, the Editor is where you’ll fix the existing code or write your own code from scratch. This code will be checked.\n\n<style>\nimg {\n  display: block;\n  margin-left: auto;\n  margin-right: auto;\n}\n</style>\n<img src=\"edu_editor_dark.png\" class=\"center\" width=600>\n\n\nTo run your code at any time,  \nright-click anywhere in the **Editor** view so you can see the context menu,\nthen choose the Run option from the context menu.  You can also\nrun a program by pressing <span style=\"color: #509DD6\">&shortcut:Run;</span>:\n\nTODO: REDO Image, alt\n\n<style>\nimg {\n  display: block;\n  margin-left: auto;\n  margin-right: auto;\n}\n</style>\n<img src=\"edu_context_menu_run_dark.png\" class=\"center\" width=600>\n\n\n",
              "description_format" : "MD",
              "task_type" : "theory"
            },
            {
              "id" : 1528418497,
              "name" : "Task Description",
              "files" : {
                "main.py" : {
                  "name" : "main.py",
                  "placeholders" : [ ],
                  "is_visible" : true,
                  "is_binary" : false
                },
                "__init__.py" : {
                  "name" : "__init__.py",
                  "placeholders" : [ ],
                  "is_visible" : false,
                  "is_binary" : false
                }
              },
              "description_text" : "## Task Description\n\nThe **Task Description** window gives you all the information you need to complete a task:\n\nFor theoretical tasks, the description provides learning and reading materials.\nFor quizzes, it offers multiple choice questions.\nFor programming assignments, it states the problem to be solved.\n\nUse Task Description icons for the following actions:\n\nTODO: REDO Images, alt\n\n| Icon                               | Description                   |\n|------------------------------------|-------------------------------|\n|**Check**                           | <font size=\"-1\">Check the correctness of your answer (for a quiz) or your code solution (for a programming task)</font>|   \n| **Run**                            | <font size=\"-1\">Run your code (for a theoretical task)</font>|\n|![](images/back.svg)                | <font size=\"-1\">Go to the previous task</font>       |    \n|![](images/forward.svg) &nbsp;<font size=\"-1\">or</font> **Next** | <font size=\"-1\">Go to the next task</font>| \n|![](images/reset.svg)               | <font size=\"-1\">Discard all the changes you’ve made in the task, and start over</font>| \n|![](images/commentTask.svg)         | <font size=\"-1\">View the task page on Stepik and leave a comment</font>| \n|<a>Peek Solution...</a>             | <font size=\"-1\">Reveal the correct answer and show the <b>diff</b></font>|\n\nWe recommend keeping the Task Description window visible and not hiding it completely. If it is too distracting, you can hide it by clicking the ![](images/hideToolWindow.svg) button in the top right-hand corner of the Task Description window.\n\nIf you use two monitors, it may be helpful to switch the Task Description panel to the floating mode and move it to the second monitor, or just place it near the main IDE window. To do this, click the tool window settings ![](images/gear.svg) / ![](images/moreVertical.svg) icon :\n\n\n<img src=\"images/edu_task_description_window_settings.png\" class=\"center\" width=600>\n\n<style>\nimg {\n  display: inline !important;\n}\ntable, th, td {\n  border: 1px solid black;\n  border-collapse: collapse;\n}\nth, td {\n  padding: 5px;\n}\ntable td:nth-child(1) {\n    text-align: center;\n}\n</style>\n",
              "description_format" : "MD",
              "task_type" : "theory"
            }
          ],
          "type" : "lesson"
        }
      ],
      "type" : "section"
    },
    {
      "id" : 2059061899,
      "title" : "Unit 1 Lesson",
      "items" : [
        {
          "id" : 1950413504,
          "title" : "Fundamentals",
          "task_list" : [
            {
              "choiceOptions" : [
                {
                  "text" : "Solving problems, often through programming",
                  "status" : "CORRECT"
                },
                {
                  "text" : "The study of computers",
                  "status" : "INCORRECT"
                },
                {
                  "text" : "Web programming",
                  "status" : "INCORRECT"
                }
              ],
              "isMultipleChoice" : false,
              "name" : "What is Computer Science",
              "files" : {
                "main.py" : {
                  "name" : "main.py",
                  "placeholders" : [ ],
                  "is_visible" : true,
                  "is_binary" : false
                },
                "__init__.py" : {
                  "name" : "__init__.py",
                  "placeholders" : [ ],
                  "is_visible" : false,
                  "is_binary" : false
                }
              },
              "description_text" : "Computer Science is often viewed as a science, but it differs \nfrom traditional fields like biology or physics. \nWhile those study the natural world, Computer Science focuses on \ndesigning and creating systems that process information.\n \nComputer Science is focused on using computers to solve\nproblems—developing algorithms, writing code, and creating\nsoftware and systems to tackle real-world challenges.\n\nThough Computer Scientists use many tools to solve problems, \nprogramming is their primary one.\n\n## What is a Program?\n\nA **program** is a set of instructions written in a \nprogramming language that tells a computer what to do. \nIt can perform a specific task, like adding numbers, \ndisplaying a webpage, or running a game. \n\nIn this course, you will learn how to write programs using the **Python** programming language.\n\n## Check Your Understanding\n\nWhat is Computer Science about?",
              "description_format" : "MD",
              "task_type" : "choice",
              "id" : 501052663
            },
            {
              "id" : 650681523,
              "name" : "Why Python",
              "files" : {
                "main.py" : {
                  "name" : "main.py",
                  "placeholders" : [ ],
                  "is_visible" : true,
                  "is_binary" : false
                },
                "__init__.py" : {
                  "name" : "__init__.py",
                  "placeholders" : [ ],
                  "is_visible" : false,
                  "is_binary" : false
                }
              },
              "description_text" : "There are many reasons to learn Python, but the main ones are:\n\n- **Easy to Learn:** Python has a simple, readable syntax that makes it beginner-friendly and great for those new to programming.\n- **Versatile:** Python can be used in a wide range of fields, from web development to data science, automation, and machine learning.\n- **High Demand:** Python is one of the most popular programming languages, leading to numerous career opportunities in tech and other industries.",
              "description_format" : "MD",
              "task_type" : "theory"
            },
            {
              "id" : 939862038,
              "name" : "Hello World",
              "files" : {
                "hello.py" : {
                  "name" : "hello.py",
                  "placeholders" : [ ],
                  "is_visible" : true,
                  "is_binary" : false
                },
                "__init__.py" : {
                  "name" : "__init__.py",
                  "placeholders" : [ ],
                  "is_visible" : false,
                  "is_binary" : false
                }
              },
              "description_text" : "Let's examine a simple Python program, or Python script, that prints a greeting.\n\nThe code editor in the center of the screen shows the contents of the `hello.py` file.\n\n- The file contains two print statements that utilize the `print()` function to display text on the screen.\n- When you **run** `hello.py`, the two print statements are executed one after the other.\n\n### How to Run `hello.py`\n\nThere are several ways to run `hello.py` in PyCharm. Try each of the following methods to execute the code:\n\n| **Method**                                      | **Example**                                                                |\n|-------------------------------------------------|----------------------------------------------------------------------------|\n| **Right-click in the Editor**, then select **Run 'hello'**  | <img src=\"../../resources/run.png\" alt=\"run hello.py from context window\"> |\n| **From the Menu Bar**, select **Run > Run 'hello.py'**      | <img src=\"../../resources/run3.png\" alt=\"run hello.py from menu bar\">      |\n| **Use the Shortcut** ⌃⇧R (Mac) or **Ctrl+Shift+R** (Windows/Linux) |                                                                            |\n\nWhen you run the code, PyCharm will display the output in the **Run Window** at the bottom of the screen.\n\n<img src=\"../../resources/output.png\" alt=\"Run window displays the program output\" width=\"400px\">\n\n**Challenge:** Try modifying the code to change the greeting that is printed. Just be sure not to remove the single quotes around the text.\n\n> **Note:** The terms **\"run a program\"** and **\"execute a program\"** will be used interchangeably throughout the lessons.\n",
              "description_format" : "MD",
              "task_type" : "theory"
            },
            {
              "choiceOptions" : [
                {
                  "text" : "'Not a string?'",
                  "status" : "INCORRECT"
                },
                {
                  "text" : "Not a string?",
                  "status" : "CORRECT"
                },
                {
                  "text" : "\"Not a string?\"",
                  "status" : "INCORRECT"
                }
              ],
              "isMultipleChoice" : false,
              "messageIncorrect" : "A string must be enclosed in single or double quotes.",
              "name" : "Strings",
              "files" : {
                "print_strings.py" : {
                  "name" : "print_strings.py",
                  "placeholders" : [ ],
                  "is_visible" : true,
                  "is_binary" : false
                },
                "__init__.py" : {
                  "name" : "__init__.py",
                  "placeholders" : [ ],
                  "is_visible" : false,
                  "is_binary" : false
                }
              },
              "description_text" : "A Python **string** is a sequence of characters enclosed\nin single or double quotes. A string that embeds a single quote must be enclosed in double quotes, and vice versa.\n\n| String                         | Description                              |\n|--------------------------------|------------------------------------------|\n| 'The table needs to be moved.' | Single quotes                            |\n| \"Will it fit through the door?\" | Double quotes                            |\n| \"What's the table width?\"      | Double quotes enclose<br> a single quote |\n| 'The table is 40\" wide.'       | Single quotes enclose<br> a double quote |\n\n##  Comprehension Check\n\nWhich of the following is **not** a valid string?",
              "description_format" : "MD",
              "task_type" : "choice",
              "id" : 819241275
            },
            {
              "id" : 391525804,
              "name" : "Python Facts",
              "files" : {
                "python_facts.py" : {
                  "name" : "python_facts.py",
                  "placeholders" : [ ],
                  "is_visible" : true,
                  "is_binary" : false
                },
                "__init__.py" : {
                  "name" : "__init__.py",
                  "placeholders" : [ ],
                  "is_visible" : false,
                  "is_binary" : false
                },
                "tests/output.txt" : {
                  "name" : "tests/output.txt",
                  "placeholders" : [ ],
                  "is_visible" : false,
                  "is_binary" : false
                },
                "tests/input.txt" : {
                  "name" : "tests/input.txt",
                  "placeholders" : [ ],
                  "is_visible" : false,
                  "is_binary" : false
                }
              },
              "description_text" : "\nThe file `python_facts.py` should display the following three facts:\n\n```text\nPython runs on Windows, macOS, and Linux.\nPython was named after the comedy group Monty Python.\nPython is free and open-source.\n```\n\n###  Code Challenge\n\nClick the \"Check\" button below to test the code. The test fails because the third Python fact is not printed.\n\n1. Modify `python_facts.py` to include the missing third print statement. Ensure you pass a valid string to the `print` function.\n2. Click the \"Check\" button again and confirm the code is correct.",
              "description_format" : "MD",
              "task_type" : "output"
            },
            {
              "choiceOptions" : [
                {
                  "text" : "print('Python)",
                  "status" : "INCORRECT"
                },
                {
                  "text" : "print 'Python'",
                  "status" : "INCORRECT"
                },
                {
                  "text" : "print('Python')",
                  "status" : "CORRECT"
                },
                {
                  "text" : "print('Python'",
                  "status" : "INCORRECT"
                }
              ],
              "isMultipleChoice" : false,
              "name" : "Calling a function",
              "files" : {
                "main.py" : {
                  "name" : "main.py",
                  "placeholders" : [ ],
                  "is_visible" : true,
                  "is_binary" : false
                },
                "__init__.py" : {
                  "name" : "__init__.py",
                  "placeholders" : [ ],
                  "is_visible" : false,
                  "is_binary" : false
                }
              },
              "description_text" : "\nThe Python print() function is used to display output.\n\nA function is called by using its name followed by\nparentheses. It can accept one or more values,\nknown as arguments, which are passed inside\nthe parentheses. Since Python is case-sensitive,\nthe `print()` function must always be written in\nlowercase letters.\n\n| Function Call | Description                                                      |\n|---------------|------------------------------------------------------------------|\n| print('Hello') | Valid function call.                                             \n| print('Hmmm)  | Invalid function call.<br>The string is missing a closing quote. |\n| print(\"Welcome\"| Invalid function call.<br>The closing parenthesis is missing.    |\n| PRINT(\"Hi\")   | Unknown function PRINT.                                          |\n\n## Comprehension Check\n\nWhich of the following is a valid call to the `print` function?\n",
              "description_format" : "MD",
              "task_type" : "choice",
              "id" : 1350215502
            },
            {
              "id" : 386162133,
              "name" : "Single Line Comments",
              "files" : {
                "comments.py" : {
                  "name" : "comments.py",
                  "placeholders" : [ ],
                  "is_visible" : true,
                  "is_binary" : false
                },
                "__init__.py" : {
                  "name" : "__init__.py",
                  "placeholders" : [ ],
                  "is_visible" : false,
                  "is_binary" : false
                },
                "tests/output.txt" : {
                  "name" : "tests/output.txt",
                  "placeholders" : [ ],
                  "is_visible" : false,
                  "is_binary" : false
                },
                "tests/input.txt" : {
                  "name" : "tests/input.txt",
                  "placeholders" : [ ],
                  "is_visible" : false,
                  "is_binary" : false
                }
              },
              "description_text" : "Comments are included in code to improve readability, explain complex logic, document design decisions, and serve other purposes.\n\nSingle-line comments begin with the hash symbol (#) and are typically followed by a space. Everything after the hash symbol up to the end of the line is ignored by the program during execution.\n\n<img src=\"../../resources/comments.png\" alt=\"Single Line Comment With Hash Symbol\" width=\"300px\">\n\nIn `comments.py`, lines 1 and 4 are commented out, so they are skipped when the program executes.\n- Line 1 offers a short description of the code's function.\n- Line 4 is commented out to prevent *banana* from appearing in the output.\n\n### Code Challenge\n\nClick the \"Check\" button. The test fails because the output excludes 'banana' and includes 'strawberry'.\n\n1. Remove the comment character `# ` on line 4 so that *banana* is printed.\n2. Comment out line 6 (don't delete it) to prevent *strawberry* from being printed.\n3. Click the \"Check\" button to confirm the code is correct.",
              "description_format" : "MD",
              "task_type" : "output"
            },
            {
              "id" : 837694557,
              "name" : "Multi-line Comment",
              "files" : {
                "main.py" : {
                  "name" : "main.py",
                  "placeholders" : [ ],
                  "is_visible" : true,
                  "is_binary" : false
                },
                "__init__.py" : {
                  "name" : "__init__.py",
                  "placeholders" : [ ],
                  "is_visible" : false,
                  "is_binary" : false
                }
              },
              "description_text" : "\nMulti-line comments are written with triple \nquotes (''' or \"\"\") and can span across several lines.\n\n```python\n\"\"\"\nThis is a multi-line comment.\nThis comment spans cross three lines.\nTriple double quotes were used, although single quotes work as well.\n\"\"\"\n```\n\nWe often use a multi-line comment at the top of each Python file to\ndocument the code purpose, author, creation date, and version, as shown in `main.py`.",
              "description_format" : "MD",
              "task_type" : "theory"
            },
            {
              "choiceOptions" : [
                {
                  "text" : "A purple paragraph is eating a grape.",
                  "status" : "INCORRECT"
                },
                {
                  "text" : "Why i?s it so",
                  "status" : "CORRECT"
                },
                {
                  "text" : "The car is blue.",
                  "status" : "INCORRECT"
                }
              ],
              "isMultipleChoice" : false,
              "messageIncorrect" : "The first and third sentences are syntactically correct because they adhere to grammar rules.",
              "name" : "Formal and Natural Languages",
              "files" : {
                "main.py" : {
                  "name" : "main.py",
                  "placeholders" : [ ],
                  "is_visible" : true,
                  "is_binary" : false
                },
                "__init__.py" : {
                  "name" : "__init__.py",
                  "placeholders" : [ ],
                  "is_visible" : false,
                  "is_binary" : false
                }
              },
              "description_text" : "**Natural languages** are the languages that humans\nuse to communicate with one another,\nsuch as English, Spanish, and others. These languages were not deliberately created; rather, they evolved naturally over time.\n\n**Formal Languages** are languages created by humans\nfor specific purposes. Programming languages are a\ntype of formal language designed to express computations\nand give instructions to computers. \n\nJust like natural languages, programming languages need\nto follow specific rules to be meaningful.\n\nThese rules fall into two categories:\n\n- **Syntax:** The structure, grammar, spelling, and punctuation of the programming language.\n- **Semantics:** The meaning, logic, and intent of the code.\n\n## Syntax\n\nConsider the following:\n\n```text\nTh?is does .not make sense\n```\n\nIn English, we follow grammar rules to construct proper\nsentences. If a sentence violates these rules, it's\nconsidered incorrect. The same applies in Python—if\nyou misuse symbols, spaces, or keywords, you'll\nencounter a *syntax error*. It is common to make syntax errors as you start learning to program.\n\n## Semantics\n\nConsider the following:\n\n```text\nThe sad shoe ate a car.\n```\n\nAlthough the sentence follows grammar rules and has no\nsyntax errors, it doesn’t make sense! Semantics is\nall about meaning. In Python, you can write code that\nis syntactically correct but still doesn’t accomplish\nanything useful.\n\n## Check Your Understanding\n\nWhich of the following demonstrates a syntax error?\n",
              "description_format" : "MD",
              "task_type" : "choice",
              "id" : 791708204
            },
            {
              "id" : 2003946573,
              "name" : "Fix The Syntax Error",
              "files" : {
                "fixit.py" : {
                  "name" : "fixit.py",
                  "placeholders" : [ ],
                  "is_visible" : true,
                  "is_binary" : false
                },
                "__init__.py" : {
                  "name" : "__init__.py",
                  "placeholders" : [ ],
                  "is_visible" : false,
                  "is_binary" : false
                },
                "tests/output.txt" : {
                  "name" : "tests/output.txt",
                  "placeholders" : [ ],
                  "is_visible" : false,
                  "is_binary" : false
                },
                "tests/input.txt" : {
                  "name" : "tests/input.txt",
                  "placeholders" : [ ],
                  "is_visible" : false,
                  "is_binary" : false
                }
              },
              "description_text" : "The file `fixit.py` has several syntax errors that cause the\nprogram to fail. Try running the program.  You should see a syntax error message for the print statement on line 3:\n\n<img src=\"../../resources/error1.png\" alt=\"Syntax errors line 3, 5, 7\" width=\"300px\">\n\n\nLines 3, 5,and 7 each have a syntax error, which are underlined in red.\nThe code editor may initially highlight only the first error on\nline 3.  Once you fix that error, the errors on lines 5 and 7 should appear.\n\n<img src=\"../../resources/fixit.png\" alt=\"Syntax errors line 3, 5, 7\" width=\"300px\">\n\nHover the mouse over the red underlined code to see a message that describes the issue.\n\n| Line | Syntax Error Message                                                                       | Fix the Syntax Error                               |\n|------|--------------------------------------------------------------------------------------------|----------------------------------------------------|\n| 3    | <img src=\"../../resources/error2.png\" alt=\"Line3 missing single quote\" width=\"400px\">      | Add the missing quote before the right parenthesis |\n| 5    | <img src=\"../../resources/error3.png\" alt=\"Line 5 missing right paren\" width=\"400px\">      | Add the missing right parenthesis                  |\n| 7    | <img src=\"../../resources/error4.png\" alt=\"Line 7 lowercase print function\" width=\"400px\"> | Lowercase the function name                        |                              |\n\n### Code Challenge\n\n1. Fix the syntax errors on lines 3, 5, and 7.\n2. Click the \"Check\" button to confirm the code runs and produces the expected output.",
              "description_format" : "MD",
              "task_type" : "output"
            }
          ],
          "type" : "lesson"
        },
        {
          "id" : 697616377,
          "title" : "Data Types and Variables",
          "task_list" : [
            {
              "choiceOptions" : [
                {
                  "text" : "'13'",
                  "status" : "INCORRECT"
                },
                {
                  "text" : "13.0",
                  "status" : "INCORRECT"
                },
                {
                  "text" : "13",
                  "status" : "CORRECT"
                }
              ],
              "isMultipleChoice" : false,
              "messageIncorrect" : "An int does not include quotes or a decimal point.",
              "name" : "Data Types",
              "files" : {
                "main.py" : {
                  "name" : "main.py",
                  "placeholders" : [ ],
                  "is_visible" : true,
                  "is_binary" : false
                },
                "__init__.py" : {
                  "name" : "__init__.py",
                  "placeholders" : [ ],
                  "is_visible" : false,
                  "is_binary" : false
                }
              },
              "description_text" : "In Python, **data types** specify what kind of data a value  represents and the operations that can be performed on that value.\nPython has many data types, but we'll start with some fundamental ones:\n\n- **int**: Represents whole numbers such as `5`, `-3`.\n- **float**: Represents numbers with decimal points, like `3.14`, `-0.001`.\n- **str**: Represents strings or sequences of characters, for example, `'hello'`, `\"Python\"`.\n\nNote that strings are enclosed in quotes, whereas integers and floating-point numbers are not.\n\n## Comprehension Check\n\nChoose the value that has an **int** data type:",
              "description_format" : "MD",
              "task_type" : "choice",
              "id" : 1395609184
            },
            {
              "choiceOptions" : [
                {
                  "text" : "apples",
                  "status" : "INCORRECT"
                },
                {
                  "text" : "1.25",
                  "status" : "CORRECT"
                },
                {
                  "text" : "3",
                  "status" : "INCORRECT"
                }
              ],
              "isMultipleChoice" : false,
              "name" : "Variables",
              "files" : {
                "variables.py" : {
                  "name" : "variables.py",
                  "placeholders" : [ ],
                  "is_visible" : true,
                  "is_binary" : false
                },
                "__init__.py" : {
                  "name" : "__init__.py",
                  "placeholders" : [ ],
                  "is_visible" : false,
                  "is_binary" : false
                }
              },
              "description_text" : "One of Python's key features is the ability to define\nvariables. A **variable** is essentially a label that refers to a value.\n\nIn Python, assigning a value to a variable is done using the '`=`' symbol, known as the assignment operator. The variable name is on the left side of the `=` operator, and the value is placed on the right side.\n\n<img src=\"../../resources/variable_assignment.png\" alt=\"fruit='apples'\" width=\"200px\">\n\nYou can use *fruit* throughout your program, and it will refer to the value *'apples'* until the variable is reassigned to something else.\n\nThe file `variables.py` assigns values to three variables `fruit`, `price_per_lb`, and `pounds`, then prints the variables.\nNote that the variables are **not** enclosed in quotes in the print statements, which causes the values to be printed instead of the variable names.\n\n## Comprehension Check\n\nRun the code in `variables.py` to view the output.\n\nWhat is printed by the following line of code:\n```python\nprint(price_per_lb)\n```",
              "description_format" : "MD",
              "task_type" : "choice",
              "id" : 782531034
            },
            {
              "id" : 783631775,
              "name" : "Python Tutor Visualizer",
              "files" : {
                "variables.py" : {
                  "name" : "variables.py",
                  "placeholders" : [ ],
                  "is_visible" : true,
                  "is_binary" : false
                },
                "tests/test_task.py" : {
                  "name" : "tests/test_task.py",
                  "placeholders" : [ ],
                  "is_visible" : false,
                  "is_binary" : false
                },
                "__init__.py" : {
                  "name" : "__init__.py",
                  "placeholders" : [ ],
                  "is_visible" : false,
                  "is_binary" : false
                },
                "tests/__init__.py" : {
                  "name" : "tests/__init__.py",
                  "placeholders" : [ ],
                  "is_visible" : false,
                  "is_binary" : false
                }
              },
              "description_text" : "## Visualizing Variables in Memory\n\nPython Tutor is an online tool that helps you visualize what\nhappens in memory as your program runs.\n\n1. Click\n<a href=\"https://pythontutor.com/render.html#code=%23%20Assign%20values%20to%20variables%0Afruit%20%3D%20'apples'%0Aprice_per_lb%20%3D%201.25%0Apounds%20%3D%203%0A%0A%23%20Print%20the%20values%20stored%20in%20the%20variables%0Aprint%28fruit%29%0Aprint%28price_per_lb%29%0Aprint%28pounds%29&cumulative=false&curInstr=0&heapPrimitives=nevernest&mode=display&origin=opt-frontend.js&py=311&rawInputLstJSON=%5B%5D&textReferences=false\" alt=\"pythontutor.com code visualization\">visualize variables.py</a> to run the code using the Python Tutor.\n2. Repeatedly click the \"Next\" button to execute one line at a time.  Notice how each variable is assignd a memory location where the value is stored.  The value stored in the variable will be printed.\n\n<img src=\"../../resources/pythontutor_next.png\" alt=\"python tutor next button\" width=\"400px\">\n\n",
              "description_format" : "MD",
              "task_type" : "edu"
            },
            {
              "id" : 1503566198,
              "name" : "Assignment Operator",
              "files" : {
                "variables.py" : {
                  "name" : "variables.py",
                  "placeholders" : [ ],
                  "is_visible" : true,
                  "is_binary" : false
                },
                "__init__.py" : {
                  "name" : "__init__.py",
                  "placeholders" : [ ],
                  "is_visible" : false,
                  "is_binary" : false
                }
              },
              "description_text" : "\n\n\nWhile `=` is used for equality in math, it is important to note in Python `=` is used for assignment, not equality.\n\n```python\n# Assign values to variables\nfruit = 'apples'\nprice_per_lb = 1.25\npounds = 3\n```\n\nWhen you see the assignment statement,\nsay to yourself *“pounds is assigned the value 3”*. Don’t say *“pounds equals 3”*.\n\n- **Correct:** `fruit` is assigned the value 'apples'.\n- **Incorrect:** `fruit` equals 'apples'.",
              "description_format" : "MD",
              "task_type" : "theory"
            },
            {
              "choiceOptions" : [
                {
                  "text" : "1st_class",
                  "status" : "INCORRECT"
                },
                {
                  "text" : "class_1",
                  "status" : "CORRECT"
                },
                {
                  "text" : "first class",
                  "status" : "INCORRECT"
                }
              ],
              "isMultipleChoice" : false,
              "messageIncorrect" : "Must start with a letter or underscore. May only contain letters, digits, and underscores.",
              "name" : "Variable Names",
              "files" : {
                "variables.py" : {
                  "name" : "variables.py",
                  "placeholders" : [ ],
                  "is_visible" : true,
                  "is_binary" : false
                },
                "__init__.py" : {
                  "name" : "__init__.py",
                  "placeholders" : [ ],
                  "is_visible" : false,
                  "is_binary" : false
                }
              },
              "description_text" : "In Python, a valid variable name must adhere to these rules:\n\n- It must begin with a letter or an underscore (`_`).\n- After the first character, it can only contain letters, digits, and underscores.\n- It cannot contain spaces.\n- It cannot be a Python keyword.\n\nVariables starting with an underscore have a special meaning, but for now, we will use letters to start variable names.\n\nPython is case-sensitive, and while uppercase letters are allowed, it's best practice to avoid them to prevent case-related errors.\n\nThe underscore character (`_`) is commonly used in multi-word variable names, such as `price_per_lb`.\n\nWe'll cover Python keywords in more detail in later lessons.\n\n\n### Examples of legal variable names:\n- `fruit`\n- `price_per_lb`\n- `hour2`\n\n### Examples of illegal variable names:\n- `1fruit` (cannot start with a digit)\n- `my variable` (spaces are not allowed)\n- `for` (a reserved keyword)\n\n## Comprehension Check\n\nWhich of the following is a valid Python variable name?\n",
              "description_format" : "MD",
              "task_type" : "choice",
              "id" : 308751870
            }
          ],
          "type" : "lesson"
        },
        {
          "id" : 442242688,
          "title" : "User Input",
          "task_list" : [
            {
              "id" : 1110953562,
              "name" : "User Input",
              "files" : {
                "pet_io.py" : {
                  "name" : "pet_io.py",
                  "placeholders" : [ ],
                  "is_visible" : true,
                  "is_binary" : false
                },
                "__init__.py" : {
                  "name" : "__init__.py",
                  "placeholders" : [ ],
                  "is_visible" : false,
                  "is_binary" : false
                }
              },
              "description_text" : "Let's look at a program that asks the user for input and generates output based on their response.\n\nThe `pet_io.py` file asks the user for their pet's type and name,\nthen prints a message that includes the pet data.  \n\nRun the code multiple times with different input values. For example:\n\n| Example #1                                                                      | Example #2                                                                      |\n|---------------------------------------------------------------------------------|---------------------------------------------------------------------------------|\n| <img src=\"../../resources/pet_io.png\" alt=\"Skipper the dog run window output\"> | <img src=\"../../resources/pet_io2.png\" alt=\"Hoppy the bunny run window output\"> |\n\nNow, let's review each line of code:\n\n`pet_type = input('Pet type: ')`\n   - The `input()` function shows the prompt 'Pet type: '.\n   - Python waits for the user to type a value and hit Enter.\n   - The input is stored in the `pet_type` variable.\n\n`pet_name = input('Pet name: ')`\n   - Similarly, the prompt 'Pet name: ' appears, and the entered value is saved in the `pet_name` variable.\n\n`print(pet_name , 'the', pet_type)`\n   - Here, three comma-separated values are passed to the `print()` function. Multiple arguments can be passed, and Python automatically adds spaces between the values when displaying the output.",
              "description_format" : "MD",
              "task_type" : "theory"
            },
            {
              "id" : 264310656,
              "name" : "Formatted Strings",
              "files" : {
                "f_string.py" : {
                  "name" : "f_string.py",
                  "placeholders" : [ ],
                  "is_visible" : true,
                  "is_binary" : false
                },
                "__init__.py" : {
                  "name" : "__init__.py",
                  "placeholders" : [ ],
                  "is_visible" : false,
                  "is_binary" : false
                }
              },
              "description_text" : "F-strings (formatted string literals) provide a concise and readable way\nto embed expressions inside string literals. They are created by prefixing\na string with the letter `f` or `F`, and expressions inside curly braces \n`{}` are evaluated at runtime.\n\nFor example:\n\n```python\nname = 'Jeron'\nage = 25\ngreeting = f'Hello, {name}. You are {age} years old.'\nprint(greeting)\n```\n\nOutput:\n```\nHello, Jeron. You are 25 years old.\n```\n\nIn this example, the values stored in the variables `name` and `age` are inserted directly into the string where the curly braces are placed. \n\n<img src=\"../../resources/f_string.png\" alt=\"f'Hello, {name}. You are {age} years old.'\" width=\"200px\">\n\nF-strings make it easy to format strings without needing to use concatenation or other formatting methods.\n\nRather than assign a new variable `greeting` to an f-string, you can define the f-string\nas an argument to the print statement as shown below:\n\n```python\nname = 'Jeron'\nage = 25\nprint(f'Hello, {name}. You are {age} years old.')\n```\n\nNOTE: It's easy to forget to add the `f` before the opening single or double quote. If you notice unexpected curly braces in the output, it’s likely because you missed the `f`.",
              "description_format" : "MD",
              "task_type" : "theory"
            },
            {
              "id" : 1105293079,
              "name" : "Input-Output Challenge",
              "files" : {
                "io_challenge.py" : {
                  "name" : "io_challenge.py",
                  "placeholders" : [ ],
                  "is_visible" : true,
                  "is_binary" : false
                },
                "tests/test_task.py" : {
                  "name" : "tests/test_task.py",
                  "placeholders" : [ ],
                  "is_visible" : false,
                  "is_binary" : false
                },
                "__init__.py" : {
                  "name" : "__init__.py",
                  "placeholders" : [ ],
                  "is_visible" : false,
                  "is_binary" : false
                },
                "tests/__init__.py" : {
                  "name" : "tests/__init__.py",
                  "placeholders" : [ ],
                  "is_visible" : false,
                  "is_binary" : false
                }
              },
              "description_text" : "## Code Challenge: Input/Output\n\nThe `io_challenge.py` program prompts for a name and displays a greeting, as shown in the \"Actual I/O\" column below. Note that I/O is shorthand for Input/Output.\n\n| Expected I/O                                                                                 | Actual I/O                                   |\n|----------------------------------------------------------------------------------------------|----------------------------------------------|\n| What is your name: <b>Abel</b><br>Where do you live: <b>France</b><br>Hi Abel from France!   | What is your name: <b>Abel</b><br>Hi Abel!   |\n| What is your name: <b>Jelay</b><br>Where do you live: <b>Canada</b><br>Hi Jelay from Canada! | What is your name: <b>Jelay</b><br>Hi Jelay! |\n\nYour task is to modify the program so that it produces the user interaction shown in the \"Expected I/O\" column.\n\n### Steps:\n1. Prompt the user for both their name and country, storing each user input value in separate variables.\n2. Update the f-string in the print statement to include both the name and the country. \n\n\n\n\n\n\n\n\n",
              "description_format" : "MD",
              "task_type" : "edu"
            }
          ],
          "type" : "lesson"
        }
      ],
      "type" : "section"
    },
    {
      "id" : 1707511826,
      "title" : "Unit 1 Project",
      "items" : [
        {
          "id" : 1458312967,
          "title" : "Project",
          "task_list" : [
            {
              "id" : 1985841158,
              "name" : "Task0 - Overview",
              "files" : {
                "main.py" : {
                  "name" : "main.py",
                  "placeholders" : [ ],
                  "is_visible" : true,
                  "is_binary" : false
                },
                "__init__.py" : {
                  "name" : "__init__.py",
                  "placeholders" : [ ],
                  "is_visible" : false,
                  "is_binary" : false
                }
              },
              "description_text" : "Unit 1 Project\n\nLearning Objectives \n\n- Run Python code using PyCharm\n- Use the `print` function to display output\n- Assign a value to a variable\n- Output the value of a variable with `print`\n- Format strings for output using f-strings\n- Use the `input` function to capture user input\n- Store the value from user input in a variable\n- Add comments to explain the code\n- Identify and correct common syntax and logic errors",
              "description_format" : "MD",
              "task_type" : "theory"
            },
            {
              "id" : 1696693170,
              "name" : "Task1 - Introduce Yourself",
              "files" : {
                "unit1_task1.py" : {
                  "name" : "unit1_task1.py",
                  "placeholders" : [ ],
                  "is_visible" : true,
                  "is_binary" : false
                },
                "tests/test_task.py" : {
                  "name" : "tests/test_task.py",
                  "placeholders" : [ ],
                  "is_visible" : false,
                  "is_binary" : false
                },
                "__init__.py" : {
                  "name" : "__init__.py",
                  "placeholders" : [ ],
                  "is_visible" : false,
                  "is_binary" : false
                },
                "tests/__init__.py" : {
                  "name" : "tests/__init__.py",
                  "placeholders" : [ ],
                  "is_visible" : false,
                  "is_binary" : false
                }
              },
              "description_text" : "# Task 1 - Introduce Yourself\n\n## Learning Outcomes\n\n- Modify a Python program\n- Run a Python program\n- Use the `print` function to generate output in the terminal\n\n### Instructions\n\n1. Write a Python program to introduce yourself! Edit the  `print` statements in `task1.py` to include your name, major, and location. Add at least one more `print` statement to share something interesting about yourself.\n2. Right-click in the **Editor** view and select **Run 'task'** or use the  &shortcut:RunClass; shortcut to execute the code. Make sure the program produces at least 4 lines of output.\n3. Click the `Check` button and verify that the program passes the test, which checks that the program produces at least 4 lines of output.\n\n",
              "description_format" : "MD",
              "task_type" : "edu"
            },
            {
              "id" : 130519887,
              "name" : "Task2 - Favorite Things",
              "files" : {
                "unit1_task2.py" : {
                  "name" : "unit1_task2.py",
                  "placeholders" : [ ],
                  "is_visible" : true,
                  "is_binary" : false
                },
                "tests/test_task.py" : {
                  "name" : "tests/test_task.py",
                  "placeholders" : [ ],
                  "is_visible" : false,
                  "is_binary" : false
                },
                "__init__.py" : {
                  "name" : "__init__.py",
                  "placeholders" : [ ],
                  "is_visible" : false,
                  "is_binary" : false
                },
                "tests/__init__.py" : {
                  "name" : "tests/__init__.py",
                  "placeholders" : [ ],
                  "is_visible" : false,
                  "is_binary" : false
                },
                "solution2.py" : {
                  "name" : "solution2.py",
                  "placeholders" : [ ],
                  "is_visible" : false,
                  "is_binary" : false
                }
              },
              "description_text" : "# Task 2 - Favorite Things\n\n## Learning Outcomes\n\n- Assign a value to a variable\n- Print the value of a variable\n- Utilize an f-string to generate formatted output\n\n### Instructions\n\nThe code assigns a variable named `favorite_color`, and then uses string concatenation with the `+` operator\nto display the favorite color.\n\n1. Add a statement to create a new variable named `favorite_food` and assign it to your personal favorite food.\n2. Add a `print` statement to output the `favorite_food` variable in a message (replace pizza with your favorite):\n   - My favorite food is pizza.\n3. Run the code to see the output.\n4. Click the `Check` button to test the program. The test checks for (1) the assignment of the `favorite_food` variable and (2) a statement that prints the variable.\n\nFor example, if your favorite color is blue and favorite food is chocolate cake, the program would output:\n\n```text\nMy favorite color is blue.\nMy favorite food is chocolate cake.\n```",
              "description_format" : "MD",
              "task_type" : "edu"
            },
            {
              "id" : 1974606197,
              "name" : "Task3 - Great Major",
              "files" : {
                "unit1_task3.py" : {
                  "name" : "unit1_task3.py",
                  "placeholders" : [ ],
                  "is_visible" : true,
                  "is_binary" : false
                },
                "tests/test_task.py" : {
                  "name" : "tests/test_task.py",
                  "placeholders" : [ ],
                  "is_visible" : false,
                  "is_binary" : false
                },
                "__init__.py" : {
                  "name" : "__init__.py",
                  "placeholders" : [ ],
                  "is_visible" : false,
                  "is_binary" : false
                },
                "tests/__init__.py" : {
                  "name" : "tests/__init__.py",
                  "placeholders" : [ ],
                  "is_visible" : false,
                  "is_binary" : false
                },
                "solution3.py" : {
                  "name" : "solution3.py",
                  "placeholders" : [ ],
                  "is_visible" : false,
                  "is_binary" : false
                }
              },
              "description_text" : "# Task 3 - Great Major\n\n## Learning Outcomes\n\n## Learning Outcomes\n\n- Ask the user for input and save it in a variable\n- Generate formatted output using the input\n\nConsider the following program requirements:\n\n<i>Write a program that asks for an academic major as input, \nthen prints an affirmation that it's a great major.</i>\n\nThe table below shows sample input and expected output. The input values are highlighted in bold.\n\n| Test | Expected I/O                                                                                                                                   | \n|------|------------------------------------------------------------------------------------------------------------------------------------------------|\n| 1    | Enter your major: <b>Computer Science</b><br>Computer Science is a great major!                 | \n| 2    | Enter your major: <b>Cybersecurity Technology</b><br>Cybersecurity Technology is a great major! |       \n| 3    | Enter your major: <b>Web and Digital Design</b><br>Web and Digital Design is a great major!     |       \n\n\nINSTRUCTIONS:\n\n1. Edit the code to prompt for the user's major and output a message confirming that it's a great choice.\n2. Run the code several times to test with different values for major.\n3. Once you've confirmed the program I/O is correct, press the Check button to run the tests.\n\n",
              "description_format" : "MD",
              "task_type" : "edu"
            },
            {
              "id" : 449872673,
              "name" : "Task4- Mad Lib",
              "files" : {
                "unit1_task4.py" : {
                  "name" : "unit1_task4.py",
                  "placeholders" : [ ],
                  "is_visible" : true,
                  "is_binary" : false
                },
                "tests/test_task.py" : {
                  "name" : "tests/test_task.py",
                  "placeholders" : [ ],
                  "is_visible" : false,
                  "is_binary" : false
                },
                "__init__.py" : {
                  "name" : "__init__.py",
                  "placeholders" : [ ],
                  "is_visible" : false,
                  "is_binary" : false
                },
                "tests/__init__.py" : {
                  "name" : "tests/__init__.py",
                  "placeholders" : [ ],
                  "is_visible" : false,
                  "is_binary" : false
                },
                "solution4.py" : {
                  "name" : "solution4.py",
                  "placeholders" : [ ],
                  "is_visible" : true,
                  "is_binary" : false
                }
              },
              "description_text" : "# Task 4 - Mad Lib\n\n## Learning Outcomes\n\n- Capture multiple values from user input and assign them to variables\n- Produce formatted output based on the values\n\nConsider the following program requirements:\n\n<i>Write a program to generate a mad lib by reading in an adjective, noun, and verb.\n</i>\n\nThe table contains sample input and output:\n\n| Test | Expected I/O                                                                                                        | \n|------|---------------------------------------------------------------------------------------------------------------------|\n| 1    | Adjective: <b>sleepy</b><br>Noun: <b>apple</b><br>Verb: <b>swim</b><br>The sleepy apple likes to swim everyday.     | \n| 2    | Adjective: <b>fluffy</b><br>Noun: <b>pencil</b><br>Verb: <b>yodel</b><br>The fluffy pencil likes to yodel everyday. | \n\n\nINSTRUCTIONS:\n\n1. Edit the code to implement the specified functionality.\n2. Run the code several times to test with different input values. Confirm the correct output is produced.\n3. Once you've confirmed the program I/O is correct, press the Check button to run the tests. Fix any errors identified by the test.\n\n",
              "description_format" : "MD",
              "task_type" : "edu"
            },
            {
              "id" : 1508894940,
              "name" : "Task5 - Knock Knock",
              "files" : {
                "unit1_task5.py" : {
                  "name" : "unit1_task5.py",
                  "placeholders" : [ ],
                  "is_visible" : true,
                  "is_binary" : false
                },
                "tests/test_task.py" : {
                  "name" : "tests/test_task.py",
                  "placeholders" : [ ],
                  "is_visible" : false,
                  "is_binary" : false
                },
                "__init__.py" : {
                  "name" : "__init__.py",
                  "placeholders" : [ ],
                  "is_visible" : false,
                  "is_binary" : false
                },
                "tests/__init__.py" : {
                  "name" : "tests/__init__.py",
                  "placeholders" : [ ],
                  "is_visible" : false,
                  "is_binary" : false
                },
                "solution5.py" : {
                  "name" : "solution5.py",
                  "placeholders" : [ ],
                  "is_visible" : true,
                  "is_binary" : false
                }
              },
              "description_text" : "# Task 5 - Knock-Knock Joke\n\n## Learning Outcomes\n\n- Capture multiple values from user input and assign them to variables\n- Produce multiple lines of formatted output\n\nConsider the following program requirements:\n\n<i>Write a program to generate a knock-knock joke by reading in two input values: (1) who is at the door, and (2) the punchline.\nThe program should output a knock-knock joke using the values read from user input.\n</i>\n\nThe table below provides examples of input and the corresponding expected output (apologies for the cheesiness):\n\n| Test | Expected I/O                                                                                                                                                 | \n|------|--------------------------------------------------------------------------------------------------------------------------------------------------------------|\n| 1    | Who: <b>Siri</b><br>Punchline: <b>Siri-ously, stop telling jokes!</b><br>Knock-knock.<br>Who's there?<br>Siri<br>Siri who?<br>Siri-ously, stop telling jokes! | \n| 2    | Who: <b>Java</b><br>Punchline: <b>Java nice day!</b><br>Knock-knock.<br>Who's there?<br>Java<br>Java who?<br>Java nice day!                                  | \n| 3    | Who: <b>Tank</b><br>Punchline: <b>You're welcome!</b><br>Knock-knock.<br>Who's there?<br>Tank<br>Tank who?<br>You're welcome!                                | \n\n\nINSTRUCTIONS:\n\n1. Edit the code to implement the specified input/output functionality.\n2. Run the code several times to test with different input values. Confirm the correct output is produced.\n3. Once you've confirmed the program I/O is correct, press the Check button to run the tests. Fix any errors identified by the test.\n",
              "description_format" : "MD",
              "task_type" : "edu"
            }
          ],
          "type" : "lesson"
        }
      ],
      "type" : "section"
    },
    {
      "id" : 1338043518,
      "title" : "Unit 2 Lesson",
      "items" : [
        {
          "id" : 1146546435,
          "title" : "Overview",
          "task_list" : [ ],
          "type" : "lesson"
        },
        {
          "id" : 1239512217,
          "title" : "Data Types",
          "task_list" : [
            {
              "id" : 437403432,
              "name" : "Data Types in Python",
              "files" : {
                "task.py" : {
                  "name" : "task.py",
                  "placeholders" : [ ],
                  "is_visible" : true,
                  "is_binary" : false
                },
                "tests/test_task.py" : {
                  "name" : "tests/test_task.py",
                  "placeholders" : [ ],
                  "is_visible" : false,
                  "is_binary" : false
                },
                "__init__.py" : {
                  "name" : "__init__.py",
                  "placeholders" : [ ],
                  "is_visible" : false,
                  "is_binary" : false
                },
                "tests/__init__.py" : {
                  "name" : "tests/__init__.py",
                  "placeholders" : [ ],
                  "is_visible" : false,
                  "is_binary" : false
                }
              },
              "description_text" : "\nThis is a task description file.\nIts content will be displayed to a learner\nin the **Task Description** window.\n\nIt supports both Markdown and HTML.\nTo toggle the format, you can rename **task.md**\nto **task.html**, or vice versa.\nThe default task description format can be changed\nin **Preferences | Tools | Education**,\nbut this will not affect any existing task description files.\n\nThe following features are available in\n**task.md/task.html** which are specific to the JetBrains Academy plugin:\n\n- Hints can be added anywhere in the task text.\n  Type \"hint\" and press Tab.\n  Hints should be added to an empty line in the task text.\n  In hints you can use both HTML and Markdown.\n<div class=\"hint\">\n\nText of your hint\n\n</div>\n\n- You may need to refer your learners to a particular lesson,\ntask, or file. To achieve this, you can use the in-course links.\nSpecify the path using the `[link_text](course://lesson1/task1/file1)` format.\n\n- You can insert shortcuts in the task description.\nWhile **task.html/task.md** is open, right-click anywhere\non the **Editor** tab and choose the **Insert shortcut** option\nfrom the context menu.\nFor example: &shortcut:FileStructurePopup;.\n\n- Insert the &percnt;`IDE_NAME`&percnt; macro,\nwhich will be replaced by the actual IDE name.\nFor example, **%IDE_NAME%**.\n\n- Insert PSI elements, by using links like\n`[element_description](psi_element://link.to.element)`.\nTo get such a link, right-click the class or method\nand select **Copy Reference**.\nThen press &shortcut:EditorPaste; to insert the link where appropriate.\nFor example, a [link to the \"contains\" method](psi_element://java.lang.String#contains).\n\n- You can add link to file using **full path** like this:\n  `[file_link](file://lesson1/task1/file.txt)`.",
              "description_format" : "MD",
              "task_type" : "edu"
            }
          ],
          "type" : "lesson"
        },
        {
          "id" : 971104037,
          "title" : "Reading Numeric Input",
          "task_list" : [
            {
              "id" : 921412108,
              "name" : "Numeric Operators",
              "files" : {
                "task.py" : {
                  "name" : "task.py",
                  "placeholders" : [ ],
                  "is_visible" : true,
                  "is_binary" : false
                },
                "tests/test_task.py" : {
                  "name" : "tests/test_task.py",
                  "placeholders" : [ ],
                  "is_visible" : false,
                  "is_binary" : false
                },
                "__init__.py" : {
                  "name" : "__init__.py",
                  "placeholders" : [ ],
                  "is_visible" : false,
                  "is_binary" : false
                },
                "tests/__init__.py" : {
                  "name" : "tests/__init__.py",
                  "placeholders" : [ ],
                  "is_visible" : false,
                  "is_binary" : false
                }
              },
              "description_text" : "\nThis is a task description file.\nIts content will be displayed to a learner\nin the **Task Description** window.\n\nIt supports both Markdown and HTML.\nTo toggle the format, you can rename **task.md**\nto **task.html**, or vice versa.\nThe default task description format can be changed\nin **Preferences | Tools | Education**,\nbut this will not affect any existing task description files.\n\nThe following features are available in\n**task.md/task.html** which are specific to the JetBrains Academy plugin:\n\n- Hints can be added anywhere in the task text.\n  Type \"hint\" and press Tab.\n  Hints should be added to an empty line in the task text.\n  In hints you can use both HTML and Markdown.\n<div class=\"hint\">\n\nText of your hint\n\n</div>\n\n- You may need to refer your learners to a particular lesson,\ntask, or file. To achieve this, you can use the in-course links.\nSpecify the path using the `[link_text](course://lesson1/task1/file1)` format.\n\n- You can insert shortcuts in the task description.\nWhile **task.html/task.md** is open, right-click anywhere\non the **Editor** tab and choose the **Insert shortcut** option\nfrom the context menu.\nFor example: &shortcut:FileStructurePopup;.\n\n- Insert the &percnt;`IDE_NAME`&percnt; macro,\nwhich will be replaced by the actual IDE name.\nFor example, **%IDE_NAME%**.\n\n- Insert PSI elements, by using links like\n`[element_description](psi_element://link.to.element)`.\nTo get such a link, right-click the class or method\nand select **Copy Reference**.\nThen press &shortcut:EditorPaste; to insert the link where appropriate.\nFor example, a [link to the \"contains\" method](psi_element://java.lang.String#contains).\n\n- You can add link to file using **full path** like this:\n  `[file_link](file://lesson1/task1/file.txt)`.",
              "description_format" : "MD",
              "task_type" : "edu"
            },
            {
              "id" : 887463861,
              "name" : "Reading Numeric Input",
              "files" : {
                "task.py" : {
                  "name" : "task.py",
                  "placeholders" : [ ],
                  "is_visible" : true,
                  "is_binary" : false
                },
                "tests/test_task.py" : {
                  "name" : "tests/test_task.py",
                  "placeholders" : [ ],
                  "is_visible" : false,
                  "is_binary" : false
                },
                "__init__.py" : {
                  "name" : "__init__.py",
                  "placeholders" : [ ],
                  "is_visible" : false,
                  "is_binary" : false
                },
                "tests/__init__.py" : {
                  "name" : "tests/__init__.py",
                  "placeholders" : [ ],
                  "is_visible" : false,
                  "is_binary" : false
                }
              },
              "description_text" : "\nThis is a task description file.\nIts content will be displayed to a learner\nin the **Task Description** window.\n\nIt supports both Markdown and HTML.\nTo toggle the format, you can rename **task.md**\nto **task.html**, or vice versa.\nThe default task description format can be changed\nin **Preferences | Tools | Education**,\nbut this will not affect any existing task description files.\n\nThe following features are available in\n**task.md/task.html** which are specific to the JetBrains Academy plugin:\n\n- Hints can be added anywhere in the task text.\n  Type \"hint\" and press Tab.\n  Hints should be added to an empty line in the task text.\n  In hints you can use both HTML and Markdown.\n<div class=\"hint\">\n\nText of your hint\n\n</div>\n\n- You may need to refer your learners to a particular lesson,\ntask, or file. To achieve this, you can use the in-course links.\nSpecify the path using the `[link_text](course://lesson1/task1/file1)` format.\n\n- You can insert shortcuts in the task description.\nWhile **task.html/task.md** is open, right-click anywhere\non the **Editor** tab and choose the **Insert shortcut** option\nfrom the context menu.\nFor example: &shortcut:FileStructurePopup;.\n\n- Insert the &percnt;`IDE_NAME`&percnt; macro,\nwhich will be replaced by the actual IDE name.\nFor example, **%IDE_NAME%**.\n\n- Insert PSI elements, by using links like\n`[element_description](psi_element://link.to.element)`.\nTo get such a link, right-click the class or method\nand select **Copy Reference**.\nThen press &shortcut:EditorPaste; to insert the link where appropriate.\nFor example, a [link to the \"contains\" method](psi_element://java.lang.String#contains).\n\n- You can add link to file using **full path** like this:\n  `[file_link](file://lesson1/task1/file.txt)`.",
              "description_format" : "MD",
              "task_type" : "edu"
            }
          ],
          "type" : "lesson"
        }
      ],
      "type" : "section"
    },
    {
      "id" : 1824607038,
      "title" : "Unit 2 Project",
      "items" : [
        {
          "id" : 491591064,
          "title" : "Project",
          "task_list" : [
            {
              "id" : 1473501562,
              "name" : "Old Week2 Project",
              "files" : {
                "heart_rate_task.py" : {
                  "name" : "heart_rate_task.py",
                  "placeholders" : [ ],
                  "is_visible" : true,
                  "is_binary" : false
                },
                "tests/test_task.py" : {
                  "name" : "tests/test_task.py",
                  "placeholders" : [ ],
                  "is_visible" : false,
                  "is_binary" : false
                },
                "__init__.py" : {
                  "name" : "__init__.py",
                  "placeholders" : [ ],
                  "is_visible" : false,
                  "is_binary" : false
                },
                "tests/__init__.py" : {
                  "name" : "tests/__init__.py",
                  "placeholders" : [ ],
                  "is_visible" : false,
                  "is_binary" : false
                }
              },
              "description_text" : "\nThis is a task description file.\nIts content will be displayed to a learner\nin the **Task Description** window.\n\nIt supports both Markdown and HTML.\nTo toggle the format, you can rename **task.md**\nto **task.html**, or vice versa.\nThe default task description format can be changed\nin **Preferences | Tools | Education**,\nbut this will not affect any existing task description files.\n\nThe following features are available in\n**task.md/task.html** which are specific to the JetBrains Academy plugin:\n\n- Hints can be added anywhere in the task text.\n  Type \"hint\" and press Tab.\n  Hints should be added to an empty line in the task text.\n  In hints you can use both HTML and Markdown.\n<div class=\"hint\">\n\nText of your hint\n\n</div>\n\n- You may need to refer your learners to a particular lesson,\ntask, or file. To achieve this, you can use the in-course links.\nSpecify the path using the `[link_text](course://lesson1/task1/file1)` format.\n\n- You can insert shortcuts in the task description.\nWhile **task.html/task.md** is open, right-click anywhere\non the **Editor** tab and choose the **Insert shortcut** option\nfrom the context menu.\nFor example: &shortcut:FileStructurePopup;.\n\n- Insert the &percnt;`IDE_NAME`&percnt; macro,\nwhich will be replaced by the actual IDE name.\nFor example, **%IDE_NAME%**.\n\n- Insert PSI elements, by using links like\n`[element_description](psi_element://link.to.element)`.\nTo get such a link, right-click the class or method\nand select **Copy Reference**.\nThen press &shortcut:EditorPaste; to insert the link where appropriate.\nFor example, a [link to the \"contains\" method](psi_element://java.lang.String#contains).\n\n- You can add link to file using **full path** like this:\n  `[file_link](file://lesson1/task1/file.txt)`.",
              "description_format" : "MD",
              "task_type" : "edu"
            },
            {
              "id" : 576117530,
              "name" : "Task1 - Hours To Seconds",
              "files" : {
                "unit2_task1.py" : {
                  "name" : "unit2_task1.py",
                  "placeholders" : [ ],
                  "is_visible" : true,
                  "is_binary" : false
                },
                "tests/test_task.py" : {
                  "name" : "tests/test_task.py",
                  "placeholders" : [ ],
                  "is_visible" : false,
                  "is_binary" : false
                },
                "__init__.py" : {
                  "name" : "__init__.py",
                  "placeholders" : [ ],
                  "is_visible" : false,
                  "is_binary" : false
                },
                "tests/__init__.py" : {
                  "name" : "tests/__init__.py",
                  "placeholders" : [ ],
                  "is_visible" : false,
                  "is_binary" : false
                }
              },
              "description_text" : "\nThis is a task description file.\nIts content will be displayed to a learner\nin the **Task Description** window.\n\nIt supports both Markdown and HTML.\nTo toggle the format, you can rename **task.md**\nto **task.html**, or vice versa.\nThe default task description format can be changed\nin **Preferences | Tools | Education**,\nbut this will not affect any existing task description files.\n\nThe following features are available in\n**task.md/task.html** which are specific to the JetBrains Academy plugin:\n\n- Hints can be added anywhere in the task text.\n  Type \"hint\" and press Tab.\n  Hints should be added to an empty line in the task text.\n  In hints you can use both HTML and Markdown.\n<div class=\"hint\">\n\nText of your hint\n\n</div>\n\n- You may need to refer your learners to a particular lesson,\ntask, or file. To achieve this, you can use the in-course links.\nSpecify the path using the `[link_text](course://lesson1/task1/file1)` format.\n\n- You can insert shortcuts in the task description.\nWhile **task.html/task.md** is open, right-click anywhere\non the **Editor** tab and choose the **Insert shortcut** option\nfrom the context menu.\nFor example: &shortcut:FileStructurePopup;.\n\n- Insert the &percnt;`IDE_NAME`&percnt; macro,\nwhich will be replaced by the actual IDE name.\nFor example, **%IDE_NAME%**.\n\n- Insert PSI elements, by using links like\n`[element_description](psi_element://link.to.element)`.\nTo get such a link, right-click the class or method\nand select **Copy Reference**.\nThen press &shortcut:EditorPaste; to insert the link where appropriate.\nFor example, a [link to the \"contains\" method](psi_element://java.lang.String#contains).\n\n- You can add link to file using **full path** like this:\n  `[file_link](file://lesson1/task1/file.txt)`.",
              "description_format" : "MD",
              "task_type" : "edu"
            },
            {
              "id" : 521363216,
              "name" : "Task2 - Pizza Splitter",
              "files" : {
                "unit2_task2.py" : {
                  "name" : "unit2_task2.py",
                  "placeholders" : [ ],
                  "is_visible" : true,
                  "is_binary" : false
                },
                "tests/test_task.py" : {
                  "name" : "tests/test_task.py",
                  "placeholders" : [ ],
                  "is_visible" : false,
                  "is_binary" : false
                },
                "__init__.py" : {
                  "name" : "__init__.py",
                  "placeholders" : [ ],
                  "is_visible" : false,
                  "is_binary" : false
                },
                "tests/__init__.py" : {
                  "name" : "tests/__init__.py",
                  "placeholders" : [ ],
                  "is_visible" : false,
                  "is_binary" : false
                }
              },
              "description_text" : "\nThis is a task description file.\nIts content will be displayed to a learner\nin the **Task Description** window.\n\nIt supports both Markdown and HTML.\nTo toggle the format, you can rename **task.md**\nto **task.html**, or vice versa.\nThe default task description format can be changed\nin **Preferences | Tools | Education**,\nbut this will not affect any existing task description files.\n\nThe following features are available in\n**task.md/task.html** which are specific to the JetBrains Academy plugin:\n\n- Hints can be added anywhere in the task text.\n  Type \"hint\" and press Tab.\n  Hints should be added to an empty line in the task text.\n  In hints you can use both HTML and Markdown.\n<div class=\"hint\">\n\nText of your hint\n\n</div>\n\n- You may need to refer your learners to a particular lesson,\ntask, or file. To achieve this, you can use the in-course links.\nSpecify the path using the `[link_text](course://lesson1/task1/file1)` format.\n\n- You can insert shortcuts in the task description.\nWhile **task.html/task.md** is open, right-click anywhere\non the **Editor** tab and choose the **Insert shortcut** option\nfrom the context menu.\nFor example: &shortcut:FileStructurePopup;.\n\n- Insert the &percnt;`IDE_NAME`&percnt; macro,\nwhich will be replaced by the actual IDE name.\nFor example, **%IDE_NAME%**.\n\n- Insert PSI elements, by using links like\n`[element_description](psi_element://link.to.element)`.\nTo get such a link, right-click the class or method\nand select **Copy Reference**.\nThen press &shortcut:EditorPaste; to insert the link where appropriate.\nFor example, a [link to the \"contains\" method](psi_element://java.lang.String#contains).\n\n- You can add link to file using **full path** like this:\n  `[file_link](file://lesson1/task1/file.txt)`.",
              "description_format" : "MD",
              "task_type" : "edu"
            },
            {
              "id" : 665904454,
              "name" : "Task3 - Tip Calculator",
              "files" : {
                "unit2_task3.py" : {
                  "name" : "unit2_task3.py",
                  "placeholders" : [ ],
                  "is_visible" : true,
                  "is_binary" : false
                },
                "tests/test_task.py" : {
                  "name" : "tests/test_task.py",
                  "placeholders" : [ ],
                  "is_visible" : false,
                  "is_binary" : false
                },
                "__init__.py" : {
                  "name" : "__init__.py",
                  "placeholders" : [ ],
                  "is_visible" : false,
                  "is_binary" : false
                },
                "tests/__init__.py" : {
                  "name" : "tests/__init__.py",
                  "placeholders" : [ ],
                  "is_visible" : false,
                  "is_binary" : false
                }
              },
              "description_text" : "\nThis is a task description file.\nIts content will be displayed to a learner\nin the **Task Description** window.\n\nIt supports both Markdown and HTML.\nTo toggle the format, you can rename **task.md**\nto **task.html**, or vice versa.\nThe default task description format can be changed\nin **Preferences | Tools | Education**,\nbut this will not affect any existing task description files.\n\nThe following features are available in\n**task.md/task.html** which are specific to the JetBrains Academy plugin:\n\n- Hints can be added anywhere in the task text.\n  Type \"hint\" and press Tab.\n  Hints should be added to an empty line in the task text.\n  In hints you can use both HTML and Markdown.\n<div class=\"hint\">\n\nText of your hint\n\n</div>\n\n- You may need to refer your learners to a particular lesson,\ntask, or file. To achieve this, you can use the in-course links.\nSpecify the path using the `[link_text](course://lesson1/task1/file1)` format.\n\n- You can insert shortcuts in the task description.\nWhile **task.html/task.md** is open, right-click anywhere\non the **Editor** tab and choose the **Insert shortcut** option\nfrom the context menu.\nFor example: &shortcut:FileStructurePopup;.\n\n- Insert the &percnt;`IDE_NAME`&percnt; macro,\nwhich will be replaced by the actual IDE name.\nFor example, **%IDE_NAME%**.\n\n- Insert PSI elements, by using links like\n`[element_description](psi_element://link.to.element)`.\nTo get such a link, right-click the class or method\nand select **Copy Reference**.\nThen press &shortcut:EditorPaste; to insert the link where appropriate.\nFor example, a [link to the \"contains\" method](psi_element://java.lang.String#contains).\n\n- You can add link to file using **full path** like this:\n  `[file_link](file://lesson1/task1/file.txt)`.",
              "description_format" : "MD",
              "task_type" : "edu"
            }
          ],
          "type" : "lesson"
        }
      ],
      "type" : "section"
    }
  ],
  "additional_files" : [
    {
      "name" : ".idea/inspectionProfiles/profiles_settings.xml",
      "is_visible" : true,
      "is_binary" : false
    },
    {
      "name" : "README.md",
      "is_visible" : true,
      "is_binary" : false
    },
    {
      "name" : "Unit 1 Lesson/Fundamentals/__init__.py",
      "is_visible" : true,
      "is_binary" : false
    },
    {
      "name" : "Unit 1 Lesson/__init__.py",
      "is_visible" : true,
      "is_binary" : false
    },
    {
      "name" : "Unit 1 Lesson/resources/run.png",
      "is_visible" : true,
      "is_binary" : true
    },
    {
      "name" : "Unit 1 Lesson/resources/run2.png",
      "is_visible" : true,
      "is_binary" : true
    },
    {
      "name" : "Unit 1 Lesson/resources/run3.png",
      "is_visible" : true,
      "is_binary" : true
    },
    {
      "name" : "Unit 1 Lesson/resources/fixit.png",
      "is_visible" : true,
      "is_binary" : true
    },
    {
      "name" : "Unit 1 Lesson/resources/error1.png",
      "is_visible" : true,
      "is_binary" : true
    },
    {
      "name" : "Unit 1 Lesson/resources/error2.png",
      "is_visible" : true,
      "is_binary" : true
    },
    {
      "name" : "Unit 1 Lesson/resources/error3.png",
      "is_visible" : true,
      "is_binary" : true
    },
    {
      "name" : "Unit 1 Lesson/resources/error4.png",
      "is_visible" : true,
      "is_binary" : true
    },
    {
      "name" : "Unit 1 Lesson/resources/output.png",
      "is_visible" : true,
      "is_binary" : true
    },
    {
      "name" : "Unit 1 Lesson/resources/comments.png",
      "is_visible" : true,
      "is_binary" : true
    },
    {
      "name" : "Unit 1 Lesson/resources/variable_assignment.png",
      "is_visible" : true,
      "is_binary" : true
    },
    {
      "name" : "Unit 1 Lesson/resources/pythontutor_next.png",
      "is_visible" : true,
      "is_binary" : true
    },
    {
      "name" : "Unit 1 Lesson/resources/variable_output.png",
      "is_visible" : true,
      "is_binary" : true
    },
    {
      "name" : "Unit 1 Lesson/resources/f_string.png",
      "is_visible" : true,
      "is_binary" : true
    },
    {
      "name" : "Unit 1 Lesson/resources/pet_io.png",
      "is_visible" : true,
      "is_binary" : true
    },
    {
      "name" : "Unit 1 Lesson/resources/pet_io2.png",
      "is_visible" : true,
      "is_binary" : true
    }
  ],
  "version" : 19,
  "edu_plugin_version" : "2025.1-2024.3-998"
}