{
  "course_version" : 1,
  "environment" : "unittest",
  "summary" : "",
  "title" : "UMGC CMSC 105 Lessons",
  "programming_language_id" : "Python",
  "language" : "en",
  "course_type" : "Marketplace",
  "solutions_hidden" : true,
  "items" : [
    {
      "id" : 2111295058,
      "title" : "Getting Started",
      "items" : [
        {
          "id" : 1223591721,
          "title" : "Overview",
          "task_list" : [
            {
              "id" : 743086915,
              "name" : "Welcome",
              "files" : {
                "main.py" : {
                  "name" : "main.py",
                  "placeholders" : [ ],
                  "is_visible" : true,
                  "is_binary" : false
                },
                "__init__.py" : {
                  "name" : "__init__.py",
                  "placeholders" : [ ],
                  "is_visible" : false,
                  "is_binary" : false
                }
              },
              "description_text" : "## CSMC 105 - Introduction to Problem Sovling and Algorithm Design\n\nWelcome to CMSC 105!\n\n#### What will you learn in this course?\n\nAfter completing this course, you should be able to:\n\n- Apply fundamental programming concepts, including variables, control structures, data structures, and functions.\n- Understand and interpret Python code.\n- Develop Python programs from scratch.\n- Debug and test Python programs effectively.\n\n#### Why Learn Python?\n\nPython is one of the most popular programming languages in the world\nbecause it's relatively easy to learn, highly versatile, \nand widely used in fields like web development, data science, and automation. \nPython has a simple syntax, a huge supportive community, and offers great career opportunities. \nWhether you're a beginner or experienced, Python can help you solve problems \nefficiently and open up doors to many in-demand industries.\n\n\n#### Prerequisites\n\nNo prior experience in Python or programming is required to take this course.\n\n",
              "description_format" : "MD",
              "task_type" : "theory"
            },
            {
              "id" : 670430446,
              "name" : "Navigating Around",
              "files" : {
                "main.py" : {
                  "name" : "main.py",
                  "placeholders" : [ ],
                  "is_visible" : true,
                  "is_binary" : false
                },
                "__init__.py" : {
                  "name" : "__init__.py",
                  "placeholders" : [ ],
                  "is_visible" : false,
                  "is_binary" : false
                },
                "edu_course_overview.png" : {
                  "name" : "edu_course_overview.png",
                  "placeholders" : [ ],
                  "is_visible" : true,
                  "is_binary" : true
                },
                "edu_course_overview_dark.png" : {
                  "name" : "edu_course_overview_dark.png",
                  "placeholders" : [ ],
                  "is_visible" : true,
                  "is_binary" : true
                }
              },
              "description_text" : "### Working with courses\nThis course is structured as a list of lessons.\nEach lesson contains several tasks.\n\nWhen you open a course, you will see the main tool \nwindows used for navigation: \n<b>Course View</b>, <b>Editor</b>, and <b>Task Description</b>:\n\nTODO: REDO IMAGE, ALT.\n\n<style>\nimg {\n  display: block;\n  margin-left: auto;\n  margin-right: auto;\n}\n</style>\n<img src=\"edu_course_overview_dark.png\" class=\"center\" width=800>\n\nClick the \"Next\" button to navigate to the next task.",
              "description_format" : "MD",
              "task_type" : "theory"
            },
            {
              "id" : 1236148134,
              "name" : "Course View",
              "files" : {
                "main.py" : {
                  "name" : "main.py",
                  "placeholders" : [ ],
                  "is_visible" : true,
                  "is_binary" : false
                },
                "__init__.py" : {
                  "name" : "__init__.py",
                  "placeholders" : [ ],
                  "is_visible" : false,
                  "is_binary" : false
                },
                "edu_course_view_dark.png" : {
                  "name" : "edu_course_view_dark.png",
                  "placeholders" : [ ],
                  "is_visible" : true,
                  "is_binary" : true
                }
              },
              "description_text" : "## Course View\n\n<b>Course View</b> shows you the course syllabus: a list of lessons with tasks.\n\n<style>\nimg {\n  display: block;\n  margin-left: auto;\n  margin-right: auto;\n}\n</style>\n\nTODO: REDO IMAGE, alt\n\n<img src=\"edu_course_view_dark.png\" class=\"center\" width=400>\n\nYou can navigate to a task by double-clicking its name.\n\nTODO: Images of Project Tool Window button\n\n- To hide the Course View window, click the Project Tool Window button or press <span style=\"color: #509DD6\">&shortcut:ActivateProjectToolWindow;</span>. This will give you more space for the Editor and Task Description windows.\n- To show the hidden Course View window, click the Project Tool Window button (or press <span style=\"color: #509DD6\">&shortcut:ActivateProjectToolWindow;</span>) again.",
              "description_format" : "MD",
              "task_type" : "theory"
            },
            {
              "id" : 2034936218,
              "name" : "Code Editor",
              "files" : {
                "main.py" : {
                  "name" : "main.py",
                  "placeholders" : [ ],
                  "is_visible" : true,
                  "is_binary" : false
                },
                "__init__.py" : {
                  "name" : "__init__.py",
                  "placeholders" : [ ],
                  "is_visible" : false,
                  "is_binary" : false
                },
                "edu_editor_dark.png" : {
                  "name" : "edu_editor_dark.png",
                  "placeholders" : [ ],
                  "is_visible" : true,
                  "is_binary" : true
                },
                "edu_context_menu_run_dark.png" : {
                  "name" : "edu_context_menu_run_dark.png",
                  "placeholders" : [ ],
                  "is_visible" : true,
                  "is_binary" : true
                }
              },
              "description_text" : "## Editor\n\nThe <b>Editor</b> is your playground where you will be programming. You can experiment here while you work on theoretical tasks and quizzes without being checked.\n\nFor programming assignments, the Editor is where you’ll fix the existing code or write your own code from scratch. This code will be checked.\n\n<style>\nimg {\n  display: block;\n  margin-left: auto;\n  margin-right: auto;\n}\n</style>\n<img src=\"edu_editor_dark.png\" class=\"center\" width=600>\n\n\nTo run your code at any time,  \nright-click anywhere in the **Editor** view so you can see the context menu,\nthen choose the Run option from the context menu.  You can also\nrun a program by pressing <span style=\"color: #509DD6\">&shortcut:Run;</span>:\n\nTODO: REDO Image, alt\n\n<style>\nimg {\n  display: block;\n  margin-left: auto;\n  margin-right: auto;\n}\n</style>\n<img src=\"edu_context_menu_run_dark.png\" class=\"center\" width=600>\n\n\n",
              "description_format" : "MD",
              "task_type" : "theory"
            },
            {
              "id" : 1528418497,
              "name" : "Task Description",
              "files" : {
                "main.py" : {
                  "name" : "main.py",
                  "placeholders" : [ ],
                  "is_visible" : true,
                  "is_binary" : false
                },
                "__init__.py" : {
                  "name" : "__init__.py",
                  "placeholders" : [ ],
                  "is_visible" : false,
                  "is_binary" : false
                }
              },
              "description_text" : "## Task Description\n\nThe **Task Description** window gives you all the information you need to complete a task:\n\nFor theoretical tasks, the description provides learning and reading materials.\nFor quizzes, it offers multiple choice questions.\nFor programming assignments, it states the problem to be solved.\n\nUse Task Description icons for the following actions:\n\nTODO: REDO Images, alt\n\n| Icon                               | Description                   |\n|------------------------------------|-------------------------------|\n|**Check**                           | <font size=\"-1\">Check the correctness of your answer (for a quiz) or your code solution (for a programming task)</font>|   \n| **Run**                            | <font size=\"-1\">Run your code (for a theoretical task)</font>|\n|![](images/back.svg)                | <font size=\"-1\">Go to the previous task</font>       |    \n|![](images/forward.svg) &nbsp;<font size=\"-1\">or</font> **Next** | <font size=\"-1\">Go to the next task</font>| \n|![](images/reset.svg)               | <font size=\"-1\">Discard all the changes you’ve made in the task, and start over</font>| \n|![](images/commentTask.svg)         | <font size=\"-1\">View the task page on Stepik and leave a comment</font>| \n|<a>Peek Solution...</a>             | <font size=\"-1\">Reveal the correct answer and show the <b>diff</b></font>|\n\nWe recommend keeping the Task Description window visible and not hiding it completely. If it is too distracting, you can hide it by clicking the ![](images/hideToolWindow.svg) button in the top right-hand corner of the Task Description window.\n\nIf you use two monitors, it may be helpful to switch the Task Description panel to the floating mode and move it to the second monitor, or just place it near the main IDE window. To do this, click the tool window settings ![](images/gear.svg) / ![](images/moreVertical.svg) icon :\n\n\n<img src=\"images/edu_task_description_window_settings.png\" class=\"center\" width=600>\n\n<style>\nimg {\n  display: inline !important;\n}\ntable, th, td {\n  border: 1px solid black;\n  border-collapse: collapse;\n}\nth, td {\n  padding: 5px;\n}\ntable td:nth-child(1) {\n    text-align: center;\n}\n</style>\n",
              "description_format" : "MD",
              "task_type" : "theory"
            }
          ],
          "type" : "lesson"
        }
      ],
      "type" : "section"
    },
    {
      "id" : 2059061899,
      "title" : "Unit 1 Lesson",
      "items" : [
        {
          "id" : 1950413504,
          "title" : "Fundamentals",
          "task_list" : [
            {
              "choiceOptions" : [
                {
                  "text" : "Solving problems, often through programming",
                  "status" : "CORRECT"
                },
                {
                  "text" : "The study of computers",
                  "status" : "INCORRECT"
                },
                {
                  "text" : "Web programming",
                  "status" : "INCORRECT"
                }
              ],
              "isMultipleChoice" : false,
              "name" : "What is Computer Science",
              "files" : {
                "main.py" : {
                  "name" : "main.py",
                  "placeholders" : [ ],
                  "is_visible" : true,
                  "is_binary" : false
                },
                "__init__.py" : {
                  "name" : "__init__.py",
                  "placeholders" : [ ],
                  "is_visible" : false,
                  "is_binary" : false
                }
              },
              "description_text" : "Computer Science is often viewed as a science, but it differs \nfrom traditional fields like biology or physics. \nWhile those study the natural world, Computer Science focuses on \ndesigning and creating systems that process information.\n \nComputer Science is focused on using computers to solve\nproblems—developing algorithms, writing code, and creating\nsoftware and systems to tackle real-world challenges.\n\nThough Computer Scientists use many tools to solve problems, \nprogramming is their primary one.\n\n## What is a Program?\n\nA **program** is a set of instructions written in a \nprogramming language that tells a computer what to do. \nIt can perform a specific task, like adding numbers, \ndisplaying a webpage, or running a game. \n\nIn this course, you will learn how to write programs using the **Python** programming language.\n\n## Check Your Understanding\n\nWhat is Computer Science about?",
              "description_format" : "MD",
              "task_type" : "choice",
              "id" : 501052663
            },
            {
              "id" : 650681523,
              "name" : "Why Python",
              "files" : {
                "main.py" : {
                  "name" : "main.py",
                  "placeholders" : [ ],
                  "is_visible" : true,
                  "is_binary" : false
                },
                "__init__.py" : {
                  "name" : "__init__.py",
                  "placeholders" : [ ],
                  "is_visible" : false,
                  "is_binary" : false
                }
              },
              "description_text" : "There are many reasons to learn Python, but the main ones are:\n\n- **Easy to Learn:** Python has a simple, readable syntax that makes it beginner-friendly and great for those new to programming.\n- **Versatile:** Python can be used in a wide range of fields, from web development to data science, automation, and machine learning.\n- **High Demand:** Python is one of the most popular programming languages, leading to numerous career opportunities in tech and other industries.",
              "description_format" : "MD",
              "task_type" : "theory"
            },
            {
              "id" : 939862038,
              "name" : "Hello World",
              "files" : {
                "hello.py" : {
                  "name" : "hello.py",
                  "placeholders" : [ ],
                  "is_visible" : true,
                  "is_binary" : false
                },
                "__init__.py" : {
                  "name" : "__init__.py",
                  "placeholders" : [ ],
                  "is_visible" : false,
                  "is_binary" : false
                },
                "resources/run.png" : {
                  "name" : "resources/run.png",
                  "placeholders" : [ ],
                  "is_visible" : true,
                  "is_binary" : true
                },
                "resources/run2.png" : {
                  "name" : "resources/run2.png",
                  "placeholders" : [ ],
                  "is_visible" : true,
                  "is_binary" : true
                },
                "resources/run3.png" : {
                  "name" : "resources/run3.png",
                  "placeholders" : [ ],
                  "is_visible" : true,
                  "is_binary" : true
                },
                "resources/output.png" : {
                  "name" : "resources/output.png",
                  "placeholders" : [ ],
                  "is_visible" : true,
                  "is_binary" : true
                }
              },
              "description_text" : "Let’s take a look at a small Python program, also called a\nPython script, that outputs a greeting when executed.\n\nThe code editor in the center of the screen displays\nthe content of the file `hello.py`.\n\n- The file `hello.py` contains two lines of Python code.\n- Each line calls the `print()` function to display text on the screen.\n\nWhen you **run** `hello.py`, each line of code is executed in sequence.\n\n### How to Run `hello.py`\n\nThere are several ways to run `hello.py` in PyCharm.  Try each of the following methods to run the code:\n\n| **Method**                                      | **Example**                                                          |\n|-------------------------------------------------|----------------------------------------------------------------------|\n| **Right-click in the Editor**, then select **Run 'hello'**  | <img src=\"resources/run.png\" alt=\"run hello.py from context window\"> |\n| **From the Menu Bar**, select **Run > Run 'hello.py'**      | <img src=\"resources/run3.png\" alt=\"run hello.py from menu bar\">      |\n| **Use the Shortcut** ⌃⇧R (Mac) or **Ctrl+Shift+R** (Windows/Linux) |                                                                      |\n\nWhen running the code, PyCharm will display the output\nin the **Run Window** at the bottom of the screen.\n\n<img src=\"resources/output.png\" alt=\"Run window displays the program output\" width=\"400px\">\n\n> **Note:** The terms **\"run a program\"** and **\"execute a program\"** will be used\n> interchangeably throughout the lessons.\n",
              "description_format" : "MD",
              "task_type" : "theory"
            },
            {
              "choiceOptions" : [
                {
                  "text" : "'Is this a string?'",
                  "status" : "INCORRECT"
                },
                {
                  "text" : "Is this a string?",
                  "status" : "CORRECT"
                },
                {
                  "text" : "\"Is this a string?\"",
                  "status" : "INCORRECT"
                }
              ],
              "isMultipleChoice" : false,
              "name" : "Strings",
              "files" : {
                "print_strings.py" : {
                  "name" : "print_strings.py",
                  "placeholders" : [ ],
                  "is_visible" : true,
                  "is_binary" : false
                },
                "__init__.py" : {
                  "name" : "__init__.py",
                  "placeholders" : [ ],
                  "is_visible" : false,
                  "is_binary" : false
                }
              },
              "description_text" : "The print() function  takes one or more expressions,\nsuch as strings or numbers, and displays them as output.\n\nA Python **string** is a sequence of characters enclosed\nin single quotes (') or double quotes (\").\nIt is used to represent text data in Python.\n\nHere are sample strings. Notice the last two strings contain embedded quotes.\n\n| String                         | Description                                  |\n|--------------------------------|----------------------------------------------|\n| 'The table needs to be moved.' | Single quotes                                |\n| \"Will it fit through the door?\" | Double quotes                                |\n| \"What's the table width?\"      | Double quotes<br> enclose a<br> single quote |\n| 'The table is 40\" wide.'       | Single quotes<br> enclose a<br> double quote |\n\nRun the code in `print_example.py`:\n\n - The print() function displays as output the text inside the single or double quotes, but the\nsurrounding quotes themselves are not printed.\n - If a string embeds a single quote, it must be enclosed in double quotes, and vice\nversa as shown in the last two print statements.\n\n## Comprehension Check\n\nWhich of the following is **not** a valid Python string?",
              "description_format" : "MD",
              "task_type" : "choice",
              "id" : 819241275
            },
            {
              "choiceOptions" : [
                {
                  "text" : "Correct",
                  "status" : "CORRECT"
                },
                {
                  "text" : "Incorrect",
                  "status" : "INCORRECT"
                }
              ],
              "isMultipleChoice" : false,
              "name" : "The print function",
              "files" : {
                "main.py" : {
                  "name" : "main.py",
                  "placeholders" : [ ],
                  "is_visible" : true,
                  "is_binary" : false
                },
                "__init__.py" : {
                  "name" : "__init__.py",
                  "placeholders" : [ ],
                  "is_visible" : false,
                  "is_binary" : false
                }
              },
              "description_text" : "Parentheses, lowercase print, parameters, arguments\n\nvisual of the function call pieces\n\nThe main purpose of the `print()` function is to output values to the console (or terminal), although output can also be redirected to a file or stream.\nIn PyCharm, the console is displayed as a new view in the lower part of the window.\n\n\n\n## Comprehension Check\n\nWhich of the following is **not** a valid call to the `print` function?\n",
              "description_format" : "MD",
              "task_type" : "choice",
              "id" : 1350215502
            },
            {
              "id" : 386162133,
              "name" : "Comments",
              "files" : {
                "comments.py" : {
                  "name" : "comments.py",
                  "placeholders" : [ ],
                  "is_visible" : true,
                  "is_binary" : false
                },
                "__init__.py" : {
                  "name" : "__init__.py",
                  "placeholders" : [ ],
                  "is_visible" : false,
                  "is_binary" : false
                },
                "tests/output.txt" : {
                  "name" : "tests/output.txt",
                  "placeholders" : [ ],
                  "is_visible" : false,
                  "is_binary" : false
                },
                "tests/input.txt" : {
                  "name" : "tests/input.txt",
                  "placeholders" : [ ],
                  "is_visible" : false,
                  "is_binary" : false
                }
              },
              "description_text" : "Comments are placed in code for several reasons:\n\n1. **Improve Readability**: Helps others (and yourself) understand the code quickly.\n2. **Explain Complex Logic**: Clarifies difficult parts of the code.\n3. **Document Code**: Provides code context, purpose, or usage.\n4. **Aide in Debugging**: Allows temporarily disabling parts of code without deleting them.\n5. **Facilitate Collaboration**: Makes it easier for team members to understand each other's work.\n6. **Track TODOs and Fixes**: Notes areas that need improvement or further work. \n\n## Single-line comments\n\nSingle-line comments start with the hash character (#) and are usually followed by a single space, \nand they extend to the end of the physical line. Comments should be complete sentences and the first word should \nbe capitalized. \n\n```python\nprint('Hello, World!')    # The print function is called, but everything after # is ignored.\n```\n\n\n\n\n## CHALLENGE:\n\nRun the code in `comments.py`.  The print function is called twice,\nproducing two lines of output.\n\n```text\nThis should appear in the output.\nThis should not appear in the output.\n```\n\nClick the \"Check\" button below, which will test the output produced by the code.\nNote the test fail because only one line of output is expected.\n\n1. Comment out the print statement on line 5 (don't delete it) by adding a hash character `#` and space at the beginning of the line.\n2. Click the  \"Check\" button again to confirm the code is correct",
              "description_format" : "MD",
              "task_type" : "output"
            },
            {
              "id" : 837694557,
              "name" : "Multi-line Comment",
              "files" : {
                "main.py" : {
                  "name" : "main.py",
                  "placeholders" : [ ],
                  "is_visible" : true,
                  "is_binary" : false
                },
                "__init__.py" : {
                  "name" : "__init__.py",
                  "placeholders" : [ ],
                  "is_visible" : false,
                  "is_binary" : false
                }
              },
              "description_text" : "\nMulti-line comments are written with triple \nquotes (''' or \"\"\") and can span across several lines.\n\n```python\n\"\"\"\nThis is a multi-line comment.\nThis comment spans cross three lines.\nTriple double quotes were used, although single quotes work as well.\n\"\"\"\n```\n\nWe often use a multi-line comment at the top of each Python file to\ndocument the code purpose, author, creation date, and version, as shown in `main.py`.",
              "description_format" : "MD",
              "task_type" : "theory"
            },
            {
              "choiceOptions" : [
                {
                  "text" : "A purple paragraph is eating a grape.",
                  "status" : "INCORRECT"
                },
                {
                  "text" : "Why i?s it so",
                  "status" : "CORRECT"
                }
              ],
              "isMultipleChoice" : false,
              "name" : "Formal and Natural Languages",
              "files" : {
                "main.py" : {
                  "name" : "main.py",
                  "placeholders" : [ ],
                  "is_visible" : true,
                  "is_binary" : false
                },
                "__init__.py" : {
                  "name" : "__init__.py",
                  "placeholders" : [ ],
                  "is_visible" : false,
                  "is_binary" : false
                }
              },
              "description_text" : "**Natural Languages** are the languages humans use to\ncommunicate with each other, like English, French, and so on.\nThese languages weren’t consciously created; instead, they developed naturally over time.\n\n**Formal Languages** are languages created by humans\nfor specific purposes. Programming languages are a\ntype of formal language designed to express computations\nand give instructions to computers. For example, when we\nwrite a Python program, we're giving the computer a\nset of commands.\n\nJust like natural languages, programming languages need\nto follow specific rules to be meaningful.\n\nThese rules fall into two categories:\n\n**Syntax:** The structure, grammar, spelling, and punctuation of the language.\n**Semantics:** The meaning, logic, and intent behind the code.\n\n## Syntax\n\nConsider the following:\n\n```text\nTh?is does .not make sense\n```\n\n\nIn English, we follow grammar rules to construct proper\nsentences. If a sentence violates these rules, it's\nconsidered incorrect. The same applies in Python—if\nyou misuse symbols, spaces, or keywords, you'll\nencounter a \"syntax error.\" Expect to make a few\nof these as you start learning to program.\n\n## Semantics\n\nConsider the following:\n\n```text\nThe sad shoe ate a car.\n```\n\nAlthough the sentence follows grammar rules and has no\nsyntax errors, it doesn’t make sense! Semantics is\nall about meaning. In Python, you can write code that\nis syntactically correct but still doesn’t accomplish\nanything useful.\n\n## Check Your Understanding\n\nWhich of the following demonstrates a syntax error?\n",
              "description_format" : "MD",
              "task_type" : "choice",
              "id" : 791708204
            },
            {
              "id" : 2003946573,
              "name" : "Fix the Syntax Errors",
              "files" : {
                "fixit.py" : {
                  "name" : "fixit.py",
                  "placeholders" : [ ],
                  "is_visible" : true,
                  "is_binary" : false
                },
                "__init__.py" : {
                  "name" : "__init__.py",
                  "placeholders" : [ ],
                  "is_visible" : false,
                  "is_binary" : false
                },
                "tests/output.txt" : {
                  "name" : "tests/output.txt",
                  "placeholders" : [ ],
                  "is_visible" : false,
                  "is_binary" : false
                },
                "tests/input.txt" : {
                  "name" : "tests/input.txt",
                  "placeholders" : [ ],
                  "is_visible" : false,
                  "is_binary" : false
                }
              },
              "description_text" : "\nThis is a task description file.\nIts content will be displayed to a learner\nin the **Task Description** window.\n\nIt supports both Markdown and HTML.\nTo toggle the format, you can rename **task.md**\nto **task.html**, or vice versa.\nThe default task description format can be changed\nin **Preferences | Tools | Education**,\nbut this will not affect any existing task description files.\n\nThe following features are available in\n**task.md/task.html** which are specific to the JetBrains Academy plugin:\n\n- Hints can be added anywhere in the task text.\n  Type \"hint\" and press Tab.\n  Hints should be added to an empty line in the task text.\n  In hints you can use both HTML and Markdown.\n<div class=\"hint\">\n\nText of your hint\n\n</div>\n\n- You may need to refer your learners to a particular lesson,\ntask, or file. To achieve this, you can use the in-course links.\nSpecify the path using the `[link_text](course://lesson1/task1/file1)` format.\n\n- You can insert shortcuts in the task description.\nWhile **task.html/task.md** is open, right-click anywhere\non the **Editor** tab and choose the **Insert shortcut** option\nfrom the context menu.\nFor example: &shortcut:FileStructurePopup;.\n\n- Insert the &percnt;`IDE_NAME`&percnt; macro,\nwhich will be replaced by the actual IDE name.\nFor example, **%IDE_NAME%**.\n\n- Insert PSI elements, by using links like\n`[element_description](psi_element://link.to.element)`.\nTo get such a link, right-click the class or method\nand select **Copy Reference**.\nThen press &shortcut:EditorPaste; to insert the link where appropriate.\nFor example, a [link to the \"contains\" method](psi_element://java.lang.String#contains).\n\n- You can add link to file using **full path** like this:\n  `[file_link](file://lesson1/task1/file.txt)`.",
              "description_format" : "MD",
              "task_type" : "output"
            }
          ],
          "type" : "lesson"
        },
        {
          "id" : 697616377,
          "title" : "User Interaction",
          "task_list" : [ ],
          "type" : "lesson"
        }
      ],
      "type" : "section"
    },
    {
      "id" : 1707511826,
      "title" : "Unit 1 Project",
      "items" : [
        {
          "id" : 1458312967,
          "title" : "Project",
          "task_list" : [
            {
              "id" : 1985841158,
              "name" : "Task0 - Overview",
              "files" : {
                "main.py" : {
                  "name" : "main.py",
                  "placeholders" : [ ],
                  "is_visible" : true,
                  "is_binary" : false
                },
                "__init__.py" : {
                  "name" : "__init__.py",
                  "placeholders" : [ ],
                  "is_visible" : false,
                  "is_binary" : false
                }
              },
              "description_text" : "Unit 1 Project\n\nLearning Objectives \n\n- Run Python code using PyCharm\n- Use the `print` function to display output\n- Assign a value to a variable\n- Output the value of a variable with `print`\n- Format strings for output using f-strings\n- Use the `input` function to capture user input\n- Store the value from user input in a variable\n- Add comments to explain the code\n- Identify and correct common syntax and logic errors",
              "description_format" : "MD",
              "task_type" : "theory"
            },
            {
              "id" : 1696693170,
              "name" : "Task1 - Introduce Yourself",
              "files" : {
                "unit1_task1.py" : {
                  "name" : "unit1_task1.py",
                  "placeholders" : [ ],
                  "is_visible" : true,
                  "is_binary" : false
                },
                "tests/test_task.py" : {
                  "name" : "tests/test_task.py",
                  "placeholders" : [ ],
                  "is_visible" : false,
                  "is_binary" : false
                },
                "__init__.py" : {
                  "name" : "__init__.py",
                  "placeholders" : [ ],
                  "is_visible" : false,
                  "is_binary" : false
                },
                "tests/__init__.py" : {
                  "name" : "tests/__init__.py",
                  "placeholders" : [ ],
                  "is_visible" : false,
                  "is_binary" : false
                }
              },
              "description_text" : "# Task 1 - Introduce Yourself\n\n## Learning Outcomes\n\n- Modify a Python program\n- Run a Python program\n- Use the `print` function to generate output in the terminal\n\n### Instructions\n\n1. Write a Python program to introduce yourself! Edit the  `print` statements in `task1.py` to include your name, major, and location. Add at least one more `print` statement to share something interesting about yourself.\n2. Right-click in the **Editor** view and select **Run 'task'** or use the  &shortcut:RunClass; shortcut to execute the code. Make sure the program produces at least 4 lines of output.\n3. Click the `Check` button and verify that the program passes the test, which checks that the program produces at least 4 lines of output.\n\n",
              "description_format" : "MD",
              "task_type" : "edu"
            },
            {
              "id" : 130519887,
              "name" : "Task2 - Favorite Things",
              "files" : {
                "unit1_task2.py" : {
                  "name" : "unit1_task2.py",
                  "placeholders" : [ ],
                  "is_visible" : true,
                  "is_binary" : false
                },
                "tests/test_task.py" : {
                  "name" : "tests/test_task.py",
                  "placeholders" : [ ],
                  "is_visible" : false,
                  "is_binary" : false
                },
                "__init__.py" : {
                  "name" : "__init__.py",
                  "placeholders" : [ ],
                  "is_visible" : false,
                  "is_binary" : false
                },
                "tests/__init__.py" : {
                  "name" : "tests/__init__.py",
                  "placeholders" : [ ],
                  "is_visible" : false,
                  "is_binary" : false
                },
                "solution2.py" : {
                  "name" : "solution2.py",
                  "placeholders" : [ ],
                  "is_visible" : false,
                  "is_binary" : false
                }
              },
              "description_text" : "# Task 2 - Favorite Things\n\n## Learning Outcomes\n\n- Assign a value to a variable\n- Print the value of a variable\n- Utilize an f-string to generate formatted output\n\n### Instructions\n\nThe code assigns a variable named `favorite_color`, and then uses string concatenation with the `+` operator\nto display the favorite color.\n\n1. Add a statement to create a new variable named `favorite_food` and assign it to your personal favorite food.\n2. Add a `print` statement to output the `favorite_food` variable in a message (replace pizza with your favorite):\n   - My favorite food is pizza.\n3. Run the code to see the output.\n4. Click the `Check` button to test the program. The test checks for (1) the assignment of the `favorite_food` variable and (2) a statement that prints the variable.\n\nFor example, if your favorite color is blue and favorite food is chocolate cake, the program would output:\n\n```text\nMy favorite color is blue.\nMy favorite food is chocolate cake.\n```",
              "description_format" : "MD",
              "task_type" : "edu"
            },
            {
              "id" : 1974606197,
              "name" : "Task3 - Great Major",
              "files" : {
                "unit1_task3.py" : {
                  "name" : "unit1_task3.py",
                  "placeholders" : [ ],
                  "is_visible" : true,
                  "is_binary" : false
                },
                "tests/test_task.py" : {
                  "name" : "tests/test_task.py",
                  "placeholders" : [ ],
                  "is_visible" : false,
                  "is_binary" : false
                },
                "__init__.py" : {
                  "name" : "__init__.py",
                  "placeholders" : [ ],
                  "is_visible" : false,
                  "is_binary" : false
                },
                "tests/__init__.py" : {
                  "name" : "tests/__init__.py",
                  "placeholders" : [ ],
                  "is_visible" : false,
                  "is_binary" : false
                },
                "solution3.py" : {
                  "name" : "solution3.py",
                  "placeholders" : [ ],
                  "is_visible" : false,
                  "is_binary" : false
                }
              },
              "description_text" : "# Task 3 - Great Major\n\n## Learning Outcomes\n\n- Prompt the user for input and store it in a variable\n- Produce formatted output based on the input\n\nConsider the following program requirements:\n\n<i>Write a program that takes the user's name and academic major as input, \nthen prints a greeting along with an affirmation that it's a great major..</i>\n\nThe table below shows examples of input and their expected output, with the input values highlighted in bold.\n\n| Test | Expected I/O                                                                                                                                   | \n|------|------------------------------------------------------------------------------------------------------------------------------------------------|\n| 1    | Enter your name: <b>Amal</b><br>Hello Amal!<br>Enter your major: <b>Computer Science</b><br>Computer Science is a great major!                 | \n| 2    | Enter your name: <b>Tina</b><br>Hello Tina!<br>Enter your major: <b>Cybersecurity Technology</b><br>Cybersecurity Technology is a great major! |       \n| 3    | Enter your name: <b>Vlad</b><br>Hello Vlad!<br>Enter your major: <b>Web and Digital Design</b><br>Web and Digital Design is a great major!     |       \n\n\nINSTRUCTIONS:\n\n1. The current code reads the user's name and prints a greeting. Modify the code to also prompt for the user's major and output a message confirming that it's a great choice.\n2. Run the code several times to test with different values for name and major.\n3. Once you've confirmed the program I/O is correct, press the Check button to run the tests.\n\n",
              "description_format" : "MD",
              "task_type" : "edu"
            },
            {
              "id" : 449872673,
              "name" : "Task4- Mad Lib",
              "files" : {
                "unit1_task4.py" : {
                  "name" : "unit1_task4.py",
                  "placeholders" : [ ],
                  "is_visible" : true,
                  "is_binary" : false
                },
                "tests/test_task.py" : {
                  "name" : "tests/test_task.py",
                  "placeholders" : [ ],
                  "is_visible" : false,
                  "is_binary" : false
                },
                "__init__.py" : {
                  "name" : "__init__.py",
                  "placeholders" : [ ],
                  "is_visible" : false,
                  "is_binary" : false
                },
                "tests/__init__.py" : {
                  "name" : "tests/__init__.py",
                  "placeholders" : [ ],
                  "is_visible" : false,
                  "is_binary" : false
                },
                "solution4.py" : {
                  "name" : "solution4.py",
                  "placeholders" : [ ],
                  "is_visible" : true,
                  "is_binary" : false
                }
              },
              "description_text" : "# Task 4 - Mad Lib\n\n## Learning Outcomes\n\n- Capture multiple values from user input and assign them to variables\n- Produce formatted output based on the values\n\nConsider the following program requirements:\n\n<i>Write a program to generate a mad lib by reading in an adjective, noun, and verb.\n</i>\n\nThe table contains sample input and output:\n\n| Test | Expected I/O                                                                                                        | \n|------|---------------------------------------------------------------------------------------------------------------------|\n| 1    | Adjective: <b>sleepy</b><br>Noun: <b>apple</b><br>Verb: <b>swim</b><br>The sleepy apple likes to swim everyday.     | \n| 2    | Adjective: <b>fluffy</b><br>Noun: <b>pencil</b><br>Verb: <b>yodel</b><br>The fluffy pencil likes to yodel everyday. | \n\n\nINSTRUCTIONS:\n\n1. Edit the code to implement the specified functionality.\n2. Run the code several times to test with different input values. Confirm the correct output is produced.\n3. Once you've confirmed the program I/O is correct, press the Check button to run the tests. Fix any errors identified by the test.\n\n",
              "description_format" : "MD",
              "task_type" : "edu"
            },
            {
              "id" : 1508894940,
              "name" : "Task5 - Knock Knock",
              "files" : {
                "unit1_task5.py" : {
                  "name" : "unit1_task5.py",
                  "placeholders" : [ ],
                  "is_visible" : true,
                  "is_binary" : false
                },
                "tests/test_task.py" : {
                  "name" : "tests/test_task.py",
                  "placeholders" : [ ],
                  "is_visible" : false,
                  "is_binary" : false
                },
                "__init__.py" : {
                  "name" : "__init__.py",
                  "placeholders" : [ ],
                  "is_visible" : false,
                  "is_binary" : false
                },
                "tests/__init__.py" : {
                  "name" : "tests/__init__.py",
                  "placeholders" : [ ],
                  "is_visible" : false,
                  "is_binary" : false
                },
                "solution5.py" : {
                  "name" : "solution5.py",
                  "placeholders" : [ ],
                  "is_visible" : true,
                  "is_binary" : false
                }
              },
              "description_text" : "# Task 5 - Knock-Knock Joke\n\n## Learning Outcomes\n\n- Capture multiple values from user input and assign them to variables\n- Produce multiple lines of formatted output\n\nConsider the following program requirements:\n\n<i>Write a program to generate a knock-knock joke by reading in two input values: (1) who is at the door, and (2) the punchline.\nThe program should output a knock-knock joke using the values read from user input.\n</i>\n\nThe table below provides examples of input and the corresponding expected output (apologies for the cheesiness):\n\n| Test | Expected I/O                                                                                                                                                 | \n|------|--------------------------------------------------------------------------------------------------------------------------------------------------------------|\n| 1    | Who: <b>Siri</b><br>Punchline: <b>Siri-ously, stop telling jokes!</b><br>Knock-knock.<br>Who's there?<br>Siri<br>Siri who?<br>Siri-ously, stop telling jokes! | \n| 2    | Who: <b>Java</b><br>Punchline: <b>Java nice day!</b><br>Knock-knock.<br>Who's there?<br>Java<br>Java who?<br>Java nice day!                                  | \n| 3    | Who: <b>Tank</b><br>Punchline: <b>You're welcome!</b><br>Knock-knock.<br>Who's there?<br>Tank<br>Tank who?<br>You're welcome!                                | \n\n\nINSTRUCTIONS:\n\n1. Edit the code to implement the specified input/output functionality.\n2. Run the code several times to test with different input values. Confirm the correct output is produced.\n3. Once you've confirmed the program I/O is correct, press the Check button to run the tests. Fix any errors identified by the test.\n",
              "description_format" : "MD",
              "task_type" : "edu"
            }
          ],
          "type" : "lesson"
        }
      ],
      "type" : "section"
    },
    {
      "id" : 1338043518,
      "title" : "Unit 2 Lesson",
      "items" : [
        {
          "id" : 1146546435,
          "title" : "Overview",
          "task_list" : [ ],
          "type" : "lesson"
        },
        {
          "id" : 1239512217,
          "title" : "Data Types",
          "task_list" : [
            {
              "id" : 437403432,
              "name" : "Data Types in Python",
              "files" : {
                "task.py" : {
                  "name" : "task.py",
                  "placeholders" : [ ],
                  "is_visible" : true,
                  "is_binary" : false
                },
                "tests/test_task.py" : {
                  "name" : "tests/test_task.py",
                  "placeholders" : [ ],
                  "is_visible" : false,
                  "is_binary" : false
                },
                "__init__.py" : {
                  "name" : "__init__.py",
                  "placeholders" : [ ],
                  "is_visible" : false,
                  "is_binary" : false
                },
                "tests/__init__.py" : {
                  "name" : "tests/__init__.py",
                  "placeholders" : [ ],
                  "is_visible" : false,
                  "is_binary" : false
                }
              },
              "description_text" : "\nThis is a task description file.\nIts content will be displayed to a learner\nin the **Task Description** window.\n\nIt supports both Markdown and HTML.\nTo toggle the format, you can rename **task.md**\nto **task.html**, or vice versa.\nThe default task description format can be changed\nin **Preferences | Tools | Education**,\nbut this will not affect any existing task description files.\n\nThe following features are available in\n**task.md/task.html** which are specific to the JetBrains Academy plugin:\n\n- Hints can be added anywhere in the task text.\n  Type \"hint\" and press Tab.\n  Hints should be added to an empty line in the task text.\n  In hints you can use both HTML and Markdown.\n<div class=\"hint\">\n\nText of your hint\n\n</div>\n\n- You may need to refer your learners to a particular lesson,\ntask, or file. To achieve this, you can use the in-course links.\nSpecify the path using the `[link_text](course://lesson1/task1/file1)` format.\n\n- You can insert shortcuts in the task description.\nWhile **task.html/task.md** is open, right-click anywhere\non the **Editor** tab and choose the **Insert shortcut** option\nfrom the context menu.\nFor example: &shortcut:FileStructurePopup;.\n\n- Insert the &percnt;`IDE_NAME`&percnt; macro,\nwhich will be replaced by the actual IDE name.\nFor example, **%IDE_NAME%**.\n\n- Insert PSI elements, by using links like\n`[element_description](psi_element://link.to.element)`.\nTo get such a link, right-click the class or method\nand select **Copy Reference**.\nThen press &shortcut:EditorPaste; to insert the link where appropriate.\nFor example, a [link to the \"contains\" method](psi_element://java.lang.String#contains).\n\n- You can add link to file using **full path** like this:\n  `[file_link](file://lesson1/task1/file.txt)`.",
              "description_format" : "MD",
              "task_type" : "edu"
            }
          ],
          "type" : "lesson"
        },
        {
          "id" : 971104037,
          "title" : "Reading Numeric Input",
          "task_list" : [
            {
              "id" : 921412108,
              "name" : "Numeric Operators",
              "files" : {
                "task.py" : {
                  "name" : "task.py",
                  "placeholders" : [ ],
                  "is_visible" : true,
                  "is_binary" : false
                },
                "tests/test_task.py" : {
                  "name" : "tests/test_task.py",
                  "placeholders" : [ ],
                  "is_visible" : false,
                  "is_binary" : false
                },
                "__init__.py" : {
                  "name" : "__init__.py",
                  "placeholders" : [ ],
                  "is_visible" : false,
                  "is_binary" : false
                },
                "tests/__init__.py" : {
                  "name" : "tests/__init__.py",
                  "placeholders" : [ ],
                  "is_visible" : false,
                  "is_binary" : false
                }
              },
              "description_text" : "\nThis is a task description file.\nIts content will be displayed to a learner\nin the **Task Description** window.\n\nIt supports both Markdown and HTML.\nTo toggle the format, you can rename **task.md**\nto **task.html**, or vice versa.\nThe default task description format can be changed\nin **Preferences | Tools | Education**,\nbut this will not affect any existing task description files.\n\nThe following features are available in\n**task.md/task.html** which are specific to the JetBrains Academy plugin:\n\n- Hints can be added anywhere in the task text.\n  Type \"hint\" and press Tab.\n  Hints should be added to an empty line in the task text.\n  In hints you can use both HTML and Markdown.\n<div class=\"hint\">\n\nText of your hint\n\n</div>\n\n- You may need to refer your learners to a particular lesson,\ntask, or file. To achieve this, you can use the in-course links.\nSpecify the path using the `[link_text](course://lesson1/task1/file1)` format.\n\n- You can insert shortcuts in the task description.\nWhile **task.html/task.md** is open, right-click anywhere\non the **Editor** tab and choose the **Insert shortcut** option\nfrom the context menu.\nFor example: &shortcut:FileStructurePopup;.\n\n- Insert the &percnt;`IDE_NAME`&percnt; macro,\nwhich will be replaced by the actual IDE name.\nFor example, **%IDE_NAME%**.\n\n- Insert PSI elements, by using links like\n`[element_description](psi_element://link.to.element)`.\nTo get such a link, right-click the class or method\nand select **Copy Reference**.\nThen press &shortcut:EditorPaste; to insert the link where appropriate.\nFor example, a [link to the \"contains\" method](psi_element://java.lang.String#contains).\n\n- You can add link to file using **full path** like this:\n  `[file_link](file://lesson1/task1/file.txt)`.",
              "description_format" : "MD",
              "task_type" : "edu"
            },
            {
              "id" : 887463861,
              "name" : "Reading Numeric Input",
              "files" : {
                "task.py" : {
                  "name" : "task.py",
                  "placeholders" : [ ],
                  "is_visible" : true,
                  "is_binary" : false
                },
                "tests/test_task.py" : {
                  "name" : "tests/test_task.py",
                  "placeholders" : [ ],
                  "is_visible" : false,
                  "is_binary" : false
                },
                "__init__.py" : {
                  "name" : "__init__.py",
                  "placeholders" : [ ],
                  "is_visible" : false,
                  "is_binary" : false
                },
                "tests/__init__.py" : {
                  "name" : "tests/__init__.py",
                  "placeholders" : [ ],
                  "is_visible" : false,
                  "is_binary" : false
                }
              },
              "description_text" : "\nThis is a task description file.\nIts content will be displayed to a learner\nin the **Task Description** window.\n\nIt supports both Markdown and HTML.\nTo toggle the format, you can rename **task.md**\nto **task.html**, or vice versa.\nThe default task description format can be changed\nin **Preferences | Tools | Education**,\nbut this will not affect any existing task description files.\n\nThe following features are available in\n**task.md/task.html** which are specific to the JetBrains Academy plugin:\n\n- Hints can be added anywhere in the task text.\n  Type \"hint\" and press Tab.\n  Hints should be added to an empty line in the task text.\n  In hints you can use both HTML and Markdown.\n<div class=\"hint\">\n\nText of your hint\n\n</div>\n\n- You may need to refer your learners to a particular lesson,\ntask, or file. To achieve this, you can use the in-course links.\nSpecify the path using the `[link_text](course://lesson1/task1/file1)` format.\n\n- You can insert shortcuts in the task description.\nWhile **task.html/task.md** is open, right-click anywhere\non the **Editor** tab and choose the **Insert shortcut** option\nfrom the context menu.\nFor example: &shortcut:FileStructurePopup;.\n\n- Insert the &percnt;`IDE_NAME`&percnt; macro,\nwhich will be replaced by the actual IDE name.\nFor example, **%IDE_NAME%**.\n\n- Insert PSI elements, by using links like\n`[element_description](psi_element://link.to.element)`.\nTo get such a link, right-click the class or method\nand select **Copy Reference**.\nThen press &shortcut:EditorPaste; to insert the link where appropriate.\nFor example, a [link to the \"contains\" method](psi_element://java.lang.String#contains).\n\n- You can add link to file using **full path** like this:\n  `[file_link](file://lesson1/task1/file.txt)`.",
              "description_format" : "MD",
              "task_type" : "edu"
            }
          ],
          "type" : "lesson"
        }
      ],
      "type" : "section"
    },
    {
      "id" : 1824607038,
      "title" : "Unit 2 Project",
      "items" : [
        {
          "id" : 491591064,
          "title" : "Project",
          "task_list" : [
            {
              "id" : 1473501562,
              "name" : "Old Week2 Project",
              "files" : {
                "heart_rate_task.py" : {
                  "name" : "heart_rate_task.py",
                  "placeholders" : [ ],
                  "is_visible" : true,
                  "is_binary" : false
                },
                "tests/test_task.py" : {
                  "name" : "tests/test_task.py",
                  "placeholders" : [ ],
                  "is_visible" : false,
                  "is_binary" : false
                },
                "__init__.py" : {
                  "name" : "__init__.py",
                  "placeholders" : [ ],
                  "is_visible" : false,
                  "is_binary" : false
                },
                "tests/__init__.py" : {
                  "name" : "tests/__init__.py",
                  "placeholders" : [ ],
                  "is_visible" : false,
                  "is_binary" : false
                }
              },
              "description_text" : "\nThis is a task description file.\nIts content will be displayed to a learner\nin the **Task Description** window.\n\nIt supports both Markdown and HTML.\nTo toggle the format, you can rename **task.md**\nto **task.html**, or vice versa.\nThe default task description format can be changed\nin **Preferences | Tools | Education**,\nbut this will not affect any existing task description files.\n\nThe following features are available in\n**task.md/task.html** which are specific to the JetBrains Academy plugin:\n\n- Hints can be added anywhere in the task text.\n  Type \"hint\" and press Tab.\n  Hints should be added to an empty line in the task text.\n  In hints you can use both HTML and Markdown.\n<div class=\"hint\">\n\nText of your hint\n\n</div>\n\n- You may need to refer your learners to a particular lesson,\ntask, or file. To achieve this, you can use the in-course links.\nSpecify the path using the `[link_text](course://lesson1/task1/file1)` format.\n\n- You can insert shortcuts in the task description.\nWhile **task.html/task.md** is open, right-click anywhere\non the **Editor** tab and choose the **Insert shortcut** option\nfrom the context menu.\nFor example: &shortcut:FileStructurePopup;.\n\n- Insert the &percnt;`IDE_NAME`&percnt; macro,\nwhich will be replaced by the actual IDE name.\nFor example, **%IDE_NAME%**.\n\n- Insert PSI elements, by using links like\n`[element_description](psi_element://link.to.element)`.\nTo get such a link, right-click the class or method\nand select **Copy Reference**.\nThen press &shortcut:EditorPaste; to insert the link where appropriate.\nFor example, a [link to the \"contains\" method](psi_element://java.lang.String#contains).\n\n- You can add link to file using **full path** like this:\n  `[file_link](file://lesson1/task1/file.txt)`.",
              "description_format" : "MD",
              "task_type" : "edu"
            },
            {
              "id" : 576117530,
              "name" : "Task1 - Hours To Seconds",
              "files" : {
                "unit2_task1.py" : {
                  "name" : "unit2_task1.py",
                  "placeholders" : [ ],
                  "is_visible" : true,
                  "is_binary" : false
                },
                "tests/test_task.py" : {
                  "name" : "tests/test_task.py",
                  "placeholders" : [ ],
                  "is_visible" : false,
                  "is_binary" : false
                },
                "__init__.py" : {
                  "name" : "__init__.py",
                  "placeholders" : [ ],
                  "is_visible" : false,
                  "is_binary" : false
                },
                "tests/__init__.py" : {
                  "name" : "tests/__init__.py",
                  "placeholders" : [ ],
                  "is_visible" : false,
                  "is_binary" : false
                }
              },
              "description_text" : "\nThis is a task description file.\nIts content will be displayed to a learner\nin the **Task Description** window.\n\nIt supports both Markdown and HTML.\nTo toggle the format, you can rename **task.md**\nto **task.html**, or vice versa.\nThe default task description format can be changed\nin **Preferences | Tools | Education**,\nbut this will not affect any existing task description files.\n\nThe following features are available in\n**task.md/task.html** which are specific to the JetBrains Academy plugin:\n\n- Hints can be added anywhere in the task text.\n  Type \"hint\" and press Tab.\n  Hints should be added to an empty line in the task text.\n  In hints you can use both HTML and Markdown.\n<div class=\"hint\">\n\nText of your hint\n\n</div>\n\n- You may need to refer your learners to a particular lesson,\ntask, or file. To achieve this, you can use the in-course links.\nSpecify the path using the `[link_text](course://lesson1/task1/file1)` format.\n\n- You can insert shortcuts in the task description.\nWhile **task.html/task.md** is open, right-click anywhere\non the **Editor** tab and choose the **Insert shortcut** option\nfrom the context menu.\nFor example: &shortcut:FileStructurePopup;.\n\n- Insert the &percnt;`IDE_NAME`&percnt; macro,\nwhich will be replaced by the actual IDE name.\nFor example, **%IDE_NAME%**.\n\n- Insert PSI elements, by using links like\n`[element_description](psi_element://link.to.element)`.\nTo get such a link, right-click the class or method\nand select **Copy Reference**.\nThen press &shortcut:EditorPaste; to insert the link where appropriate.\nFor example, a [link to the \"contains\" method](psi_element://java.lang.String#contains).\n\n- You can add link to file using **full path** like this:\n  `[file_link](file://lesson1/task1/file.txt)`.",
              "description_format" : "MD",
              "task_type" : "edu"
            },
            {
              "id" : 521363216,
              "name" : "Task2 - Pizza Splitter",
              "files" : {
                "unit2_task2.py" : {
                  "name" : "unit2_task2.py",
                  "placeholders" : [ ],
                  "is_visible" : true,
                  "is_binary" : false
                },
                "tests/test_task.py" : {
                  "name" : "tests/test_task.py",
                  "placeholders" : [ ],
                  "is_visible" : false,
                  "is_binary" : false
                },
                "__init__.py" : {
                  "name" : "__init__.py",
                  "placeholders" : [ ],
                  "is_visible" : false,
                  "is_binary" : false
                },
                "tests/__init__.py" : {
                  "name" : "tests/__init__.py",
                  "placeholders" : [ ],
                  "is_visible" : false,
                  "is_binary" : false
                }
              },
              "description_text" : "\nThis is a task description file.\nIts content will be displayed to a learner\nin the **Task Description** window.\n\nIt supports both Markdown and HTML.\nTo toggle the format, you can rename **task.md**\nto **task.html**, or vice versa.\nThe default task description format can be changed\nin **Preferences | Tools | Education**,\nbut this will not affect any existing task description files.\n\nThe following features are available in\n**task.md/task.html** which are specific to the JetBrains Academy plugin:\n\n- Hints can be added anywhere in the task text.\n  Type \"hint\" and press Tab.\n  Hints should be added to an empty line in the task text.\n  In hints you can use both HTML and Markdown.\n<div class=\"hint\">\n\nText of your hint\n\n</div>\n\n- You may need to refer your learners to a particular lesson,\ntask, or file. To achieve this, you can use the in-course links.\nSpecify the path using the `[link_text](course://lesson1/task1/file1)` format.\n\n- You can insert shortcuts in the task description.\nWhile **task.html/task.md** is open, right-click anywhere\non the **Editor** tab and choose the **Insert shortcut** option\nfrom the context menu.\nFor example: &shortcut:FileStructurePopup;.\n\n- Insert the &percnt;`IDE_NAME`&percnt; macro,\nwhich will be replaced by the actual IDE name.\nFor example, **%IDE_NAME%**.\n\n- Insert PSI elements, by using links like\n`[element_description](psi_element://link.to.element)`.\nTo get such a link, right-click the class or method\nand select **Copy Reference**.\nThen press &shortcut:EditorPaste; to insert the link where appropriate.\nFor example, a [link to the \"contains\" method](psi_element://java.lang.String#contains).\n\n- You can add link to file using **full path** like this:\n  `[file_link](file://lesson1/task1/file.txt)`.",
              "description_format" : "MD",
              "task_type" : "edu"
            },
            {
              "id" : 665904454,
              "name" : "Task3 - Tip Calculator",
              "files" : {
                "unit2_task3.py" : {
                  "name" : "unit2_task3.py",
                  "placeholders" : [ ],
                  "is_visible" : true,
                  "is_binary" : false
                },
                "tests/test_task.py" : {
                  "name" : "tests/test_task.py",
                  "placeholders" : [ ],
                  "is_visible" : false,
                  "is_binary" : false
                },
                "__init__.py" : {
                  "name" : "__init__.py",
                  "placeholders" : [ ],
                  "is_visible" : false,
                  "is_binary" : false
                },
                "tests/__init__.py" : {
                  "name" : "tests/__init__.py",
                  "placeholders" : [ ],
                  "is_visible" : false,
                  "is_binary" : false
                }
              },
              "description_text" : "\nThis is a task description file.\nIts content will be displayed to a learner\nin the **Task Description** window.\n\nIt supports both Markdown and HTML.\nTo toggle the format, you can rename **task.md**\nto **task.html**, or vice versa.\nThe default task description format can be changed\nin **Preferences | Tools | Education**,\nbut this will not affect any existing task description files.\n\nThe following features are available in\n**task.md/task.html** which are specific to the JetBrains Academy plugin:\n\n- Hints can be added anywhere in the task text.\n  Type \"hint\" and press Tab.\n  Hints should be added to an empty line in the task text.\n  In hints you can use both HTML and Markdown.\n<div class=\"hint\">\n\nText of your hint\n\n</div>\n\n- You may need to refer your learners to a particular lesson,\ntask, or file. To achieve this, you can use the in-course links.\nSpecify the path using the `[link_text](course://lesson1/task1/file1)` format.\n\n- You can insert shortcuts in the task description.\nWhile **task.html/task.md** is open, right-click anywhere\non the **Editor** tab and choose the **Insert shortcut** option\nfrom the context menu.\nFor example: &shortcut:FileStructurePopup;.\n\n- Insert the &percnt;`IDE_NAME`&percnt; macro,\nwhich will be replaced by the actual IDE name.\nFor example, **%IDE_NAME%**.\n\n- Insert PSI elements, by using links like\n`[element_description](psi_element://link.to.element)`.\nTo get such a link, right-click the class or method\nand select **Copy Reference**.\nThen press &shortcut:EditorPaste; to insert the link where appropriate.\nFor example, a [link to the \"contains\" method](psi_element://java.lang.String#contains).\n\n- You can add link to file using **full path** like this:\n  `[file_link](file://lesson1/task1/file.txt)`.",
              "description_format" : "MD",
              "task_type" : "edu"
            }
          ],
          "type" : "lesson"
        }
      ],
      "type" : "section"
    }
  ],
  "additional_files" : [
    {
      "name" : ".idea/inspectionProfiles/profiles_settings.xml",
      "is_visible" : true,
      "is_binary" : false
    },
    {
      "name" : "README.md",
      "is_visible" : true,
      "is_binary" : false
    },
    {
      "name" : "Unit 1 Lesson/Fundamentals/__init__.py",
      "is_visible" : true,
      "is_binary" : false
    },
    {
      "name" : "Unit 1 Lesson/__init__.py",
      "is_visible" : true,
      "is_binary" : false
    }
  ],
  "version" : 19,
  "edu_plugin_version" : "2025.1-2024.3-998"
}